105,0000003344
105,03-500
105,03-799
105,04-13816
105,04-300
105,04-6744
105,05-100
105,05-102
105,05-3002
105,05-3333
105,05-3939
105,05-44040
105,05-600
105,05-660
105,05-710
105,05-891
105,05-898989
105,05-90091
105,05-989898
105,06-05511
105,06-100
105,06-4440
105,06-555
105,06-711
105,06-772661
105,07-200042
105,07-700042
105,08-16035
105,08-2131APP
105,08282006
105,09-1412
105,10-20101236
105,1036170221
105,103620172002
105,105120170220
105,11-080204
105,11-082901
105,11-090801
105,11-20110928
105,11-56288
105,12-1358
105,12-33
105,12-36
105,12-74
105,121212
105,1212128
105,98-8001
105,980210
105,985002
105,9977123
105,999
105,A0971
105,A0976
105,ABCXXX-4444
105,AC0000010101
105,ACC-1
105,AD528
105,AE0000003344
105,AE0000010099
105,APP-01
105,AW-1
105,BK-090818
105,BK-11111
105,BK-141516
105,BK-171819
105,BK-192021
105,BK-56789
105,BK-777039
105,BK-78911
105,BK-78918
105,BK0000006781
105,BK0000006782
105,BK0000006784
105,BK0000006788
105,BK0000006795
105,BT-1023-4
105,BT-1209-3
105,BT-1209-4
105,BT-1209-7
105,BT-121-3
105,BT-121-C
105,BT-121-D
105,BT-1210-0
105,BT-1210-4
105,BT-1211-1
105,BT-NEW-D
105,CC-041901
105,CC-041908
105,CC-041912
105,CC-041915
105,CC-041917
105,CC-060801
105,CC-061104
105,CC-061808
105,CC-061813
105,CC-061828
105,CC-070101
105,RA-44
105,RC0000000002
105,RE0000001000
105,RRC-003
105,RRC-10224A
105,RRC-11729-A
105,RRC-11944A
105,RRC-11944D
105,RRC-13092-A
105,RRC-14110A
105,RRC-14110B
105,RRC-14224A
105,RRC-15141B
105,RU-02262018
105,RU-04111
105,RU-18276
105,RU-18276-1
105,RU-200000003
105,RU-2006
105,RU-20107
105,RU-2132013
105,RU-2222018
105,RU-231
105,RU-253
105,RU-2587
105,RU-30
105,RU-307
105,RU-3152021
105,RU-3212005
105,RU-3215888
105,RU-33120222
105,RU-335
105,RU-3535
105,RU0001152018
105,RU0001172019
105,RU0006122018
105,RU0006142004
105,RU0011020051
105,RU0020160914
105,RU0028012019
105,ST-06
105,ST-98
105,TD-35
105,TD-455
105,TD-71
105,TD-779
105,TD-88
105,TD-88220
105,TD-88245
105,TD-890
105,TD-9331
105,TX-2
105,VT0000001550
105,VT0000030030
105,X11
105,X56
105,X67
C402,985087
C402,DEMO1234
C402,KE_3
C402,NV-98021102
C402,NV-98021106
C402,NV98021103
C402,RA-102
C402,RA-200
C402,RU-1-CROWN
C403,98-68
C303,777777-9
C309,96-525054
202,05-3002
KELO,05-3345
KELO,1201
KELO,200403093
KELO,33490
KELO,667788
KELO,A0974
KELO,BK8910
KELO,BT-12345
KELO,CR:98-001
KELO,DEC2010-EM
KELO,JAN2011-EM
401,2001-151310A
401,2001-151712
401,2001-151712C
401,2001-60070_2
401,2002-131313A
401,2002-131313F
401,2002-131313I
401,2002-151515A
401,2002-443344
401,2002-888666
401,2003-0129-2
401,4454514
401,456
401,599123
401,666555-1
401,AE0007992231
401,BT-0917-2
401,BT-1107-4
401,BT-111
401,BT-1114-1
401,BT-1209-2
401,BT-1209-3
401,BT-1220-1
401,BT0000010173
401,BT0000010291
401,BT1224
401,CC062101
401,RP-10051
401,STATUS
401,VT0005452454
401,WITNESS
NIDD,96-30406
NIDD,97-03-29988
NIDD,97-3-41903
NIDD,97-300222
NIDD,97-300243
NIDD,97-300723
NIDD,97-525047
NIDD,97-780502
NIDD,98-0001MNP
NIDD,98-002
NIDD,98-004
NIDD,98-005
NIDD,98-012322
NIDD,98-02161
NIDD,98-02172
NIDD,98-030911
NIDD,98-110665
NIDD,98-13245
NIDD,98-313002
NIDD,98-313073
NIDD,98-313076
NIDD,98-313303
NIDD,98-313307
NIDD,98-313328
NIDD,98-525032
NIDD,98-525036
NIDD,98-525056
NIDD,98-525072
NIDD,98-525073
NIDD,98-525079
NIDD,98-525108
NIDD,98-525120
NIDD,98-52517
NIDD,98-525308
NIDD,98-525310
NIDD,98-54321
NIDD,98-5555
NIDD,98-75
NIDD,98-7506
NIDD,98-789678
NIDD,98-902044
NIDD,98-989898
NIDD,98-BLACKMAN
NIDD,98-NEWRON
NIDD,987654
NIDD,99-12345
NIDD,99-9991
NIDD,ARW-710
NIDD,ARW-7687
NIDD,BLAH BLAH 1
NIDD,BT-0107-3
NIDD,BT0107E
NIDD,BT0108-2A
NIDD,BT0108-L
NIDD,BT0108-U
NIDD,BT0108C
NIDD,BT0108K
NIDD,BT0217-3
NIDD,BT0226-7
NIDD,BT0305-3
NIDD,BT0305-4
NIDD,BT0324-1
NIDD,BT0422-1
NIDD,BT0608-4
NIDD,BT103
NIDD,CC9922
NIDD,DD98-27
NIDD,DH-1111
NIDD,DH-11132
NIDD,DH-200
NIDD,DH-9988
NIDD,GH97-141
NIDD,GH97-142
NIDD,GH97-147
NIDD,ITSD98-004
NIDD,JP97-114
NIDD,JP97-130
NIDD,JPJ09
NIDD,JS98-310
NIDD,LN98-1077
NIDD,LN98-24
NIDD,LN98-52
NIDD,MP98-150
NIDD,MP98-91
NIDD,MP98-97
NIDD,MP98-97A
NIDD,MPDEL4
NIDD,MPKKKK
NIDD,RA-0327A
NIDD,RA-0416B
NIDD,RA-0421A
NIDD,RA-1000
NIDD,RA-1002
NIDD,RA-3702
NIDD,RA-4401
NIDD,RBA-0331A
NIDD,RBA-0403
NIDD,RD-556678
NIDD,RNP-001
NIDD,RY-00099988
NIDD,RY-01
NIDD,RY-02
NIDD,RY-2YO
NIDD,RY-3457353
NIDD,RY-34598374
NIDD,RY-34697A
NIDD,RY-346983
NIDD,RY-3477
NIDD,RY-348754
NIDD,RY-400182
NIDD,RY-45949
NIDD,RY-54545
NIDD,RY-567567
NIDD,RY-56803
NIDD,RY-568568
NIDD,RY-5685685
NIDD,RY-596839D
NIDD,RY-6575
NIDD,RY-678W
NIDD,RY-766ERE
NIDD,RY-78732
NIDD,RY-87342578
NIDD,RY-8757878
NIDD,RY-93974
NIDD,RY-APP13
NIDD,RY-APP2
NIDD,RY-CP1
NIDD,RY-CP101
NIDD,RY-CP102
NIDD,RY-CP2001
NIDD,RY-MERGE2
NIDD,RY-PREC1
NIDD,RY-SUB4B
NIDD,RY-VA01
NIDD,RY-VA2-SEC9
NIDD,SJ-1
NIDD,SS0813
NIDD,SS99-124
NIDD,TAD-06
NIDD,TAD-333
NIDD,TAD-400
NIDD,TAD-404
NIDD,TAD-77
NIDD,TAD-9000
NIDD,TAD-901
NIDD,TAD-977
NIDD,TD-04
NIDD,TD-133
NIDD,TD-190
NIDD,TD-320
NIDD,TD-338
NIDD,TD-34899
NIDD,TD-349
NIDD,TD-380
NIDD,TD-409
NIDD,TD-5902
NIDD,TD-7902
NIDD,TD-8921
NIDD,TD-9022
NIDD,TD346
NIDD,TD90
NIDD,THM010
NIDD,TP-04224
NIDD,TSS002
NIDD,TSSO12
NIDD,VA-980908
NIDD,VA-989001
NIDD,VA98-112233
NIDD,VLA-02
NIDD,VLA-0303
NIDD,VLA-055
NIDD,WK-032498
LECC,444
LECC,45566
LECC,96-601
LECC,97-35646
LECC,98-33305
LECC,98-333309
LECC,98-333310
LECC,98-333312
LECC,98-443322
LECC,98-444402
LECC,98-444417
LECC,98-555509
LECC,ARW-98789
LECC,DD98-333
LECC,DD98-445
LECC,DD98-447
LECC,DD98-450
LECC,DD98-99999
LECC,DH-01
LECC,DH-114
LECC,DH-45
LECC,JS97-320
LECC,JS98-1233
LECC,JS98-310
LECC,LN98-62
LECC,RA-0407C
LECC,RA-0507A
LECC,RAY99
LECC,RY-784378
LECC,RY-784378B
LECC,TAD-188
LECC,TAD-229
LECC,TAD-3341
LECC,TAD-445
LECC,TAD-449
LECC,TAD-49
LECC,TAD-66
LECC,TD-340
402,EV8000002
402,EV8000017
402,EX8
402,EZ6000004
402,EZ6000008
402,PF500
403,RU-52244
404,04-3118
408,12-103
408,13454
408,789987
408,RU-2701201
412,2000-9000
412,2002-8006
412,2002-9044
412,BT-0218-1
601,98-12345
601,98-81101
105,2011-1020
105,2011-1024
105,201103JR
105,201106
105,20170219
105,21-0003
105,21-1031
105,21-1540
105,21-77658
105,222929
105,24123
105,300-1
105,30302025
105,3156
105,32331321
105,3259
105,33040
105,3933939
105,4012
105,4012-1
105,423123
105,43210099
105,4893489348
105,500-20
105,679BK
105,7068
105,755-1
105,887766
105,8999
105,9316
105,97-007
105,98-0211
105,98-200
105,98-44368
105,98-752
105,RU-6000010
105,RU-604
105,RU-616
105,RU-62003
105,RU-632004
105,RU-6464
105,RU-692017
105,RU-7
105,RU-78595
105,RU-8112008
105,RU-8272020
105,RU-842004
105,RU-8420165
105,RU-8X
105,RU-TSTF
KELO,PF4007-1
KELO,RRC-13165A
KELO,RU-2450
KELO,RU-3000
KELO,RU-4000-1
KELO,RU-742-6-03
KELO,TD-220
2099,54564
401,06-14873
401,11-1695
401,11-1698
401,11-1711
401,11-1713
401,11-1719
401,12-00401
401,12-08303012
401,12-1009
401,12-1200
401,12-12012
401,12-123123
105,JR-101
105,JR-1032
105,JR-1036
105,JR-2501
105,JR-7003
105,JR201405
105,JV-1
105,KE0000000111
105,KE0000000123
105,KEL11112
105,KEL666666666
105,KE_C11
105,KE_C2
105,KJA123
105,M39844
105,MM-01
105,PF-0IC20
105,PF-4025
105,PF-4034
105,2004-900
105,2005-100
105,2006C
105,2010-06272
105,201008197
105,201008203
105,201009035
105,201009037
105,20101222
105,2011-0626
105,2011-0706
105,2011-07171
105,2011-07175
401,12-24
401,12-3419
401,12-401
401,12-455
401,12-8
401,12-86112
401,12-9912
401,13-4147
401,18-11998
401,18-11999
401,19-86699
401,20-99
401,2001-105645
401,2001-147225A
401,2001-147225B
401,2001-147225D
LECC,WK98-502
LECC,WK98-507
LECC,WK98-601
LECC,WK98-603
822,AD1
210,13-3000
210,151007-BK
210,18-99871
210,19-101
210,19-8885
210,20-700
210,210-564
210,999888
210,JR-1016
215,RU-1
402,04-13390
402,04-38505
402,11-BJEDIS1
402,12-0024
402,12-4114
121,JR-1005
121,JR-5007
121,JR-5011
121,JR-5030
121,JR-6003
121,JR-6011
121,JR-6036
121,JR-6040
121,JR-6066
C402,12345
C402,201011081
C402,4556
C402,98-800
C402,98-801
C402,98-82
NIDD,0APR041234
NIDD,0NOV030234
NIDD,15-1005
NIDD,15-1020
NIDD,21542
NIDD,333393
105,BK0000170801
105,BK8132010
105,BK8881
105,BK8916
105,BT-0123A
105,BT-0125
105,BT-0214-2
105,BT-0219P
105,BT-0312-3
105,BT-0608-1
105,BT-0608-2
105,PF0000006066
105,PF0000056422
105,PF09281
105,PF20111006
105,PF201111072
105,PF2012011302
105,PF4001
105,PF4010
105,PF99885
105,QQ0000000100
105,QQ0000121212
800,PF2011090705
800,PF201110062
800,TESTRCC2
KCCA,BL-1234
KCCA,RU-111
KCCA,RU-PB100
EHQ,12-205
EHQ,48030
4,12-2114
,1965
,98-34232
,CC08
401,BK111010
401,BK171110
401,BT-0317-2
401,BT-0501-1
401,BT-0722-2
401,BT-0816-2
401,BT-0829-1
401,BT-0905
401,BT-0905-C
401,BT-0912-2
105,13-8000
105,14-1
105,15-1245
105,15-12456
105,15-12457
105,15-1246
105,15-12461
105,15-1252
105,15-1254
105,15-42
105,15-44
105,15-50005
105,15-7256
105,15368
105,17-1290
105,RU-10182021
105,RU-103
105,RU-1052022
105,RU-10520221
105,RU-11132020
105,RU-1115
105,RU-11242004
105,RU-11282019
105,RU-12162019
105,RU-1223
105,RU-13812
105,RU-1424242
105,CC-1000
105,CC-121314
105,CC-121902
105,CC-131415
105,CC46
105,CC89
105,DH-300
105,EV670019
105,EZ0004500004
800,11-090603
800,13-070302
800,13-0813105
800,13-0813106
800,13-0813108
800,15-1002
800,44578749
105,18-12388
105,18-1846
105,18-19882
105,18-300094
105,18-300096
105,18-45545
105,18-X
105,19-10027
105,19-1825
105,19-1836
105,19-1840
105,19-20000
105,19-7269
105,19-7867
105,19-8203
105,19-86699
105,19-999990
105,20-1002
105,20-1006
105,20-201923
105,2001-300
105,2003-01010
105,2003-1111
105,2003-1234B
105,2003-1919
105,2003-234B
105,2003-7777-2
105,RU-44200811
105,RU-44200812
105,RU-4420084
105,RU-4420088
105,RU-472005
105,RU-5050
105,RU-532005
105,RU-532018
105,RU-542018
105,RU-54664
616,19-10990
620,98-0001
703,12-8832
704,BT-0816-3
710,RU-111320201
711,RU-101
716,12-0017
716,12-119
716,12-120
105,TAD-12
105,TAD-340
105,TD-089999999
105,TD-099999999
105,TD-10101
105,TD-1100
105,TD-13
105,TD-1919077
105,TD-200
105,TD-2210
105,TD-2219
105,TD-229
105,TD-28
105,TD-29
105,TD-300
105,TD-303
105,TD-3303
105,TD-340
105,0000022113
105,0101010
105,02-100
105,02-500
105,03-900
105,04-1122
105,04-2000
105,054949
105,06-4040
105,08-16037
105,09-8966
105,10-20101211
105,10-90101213
105,10-BJDEMO1
105,10232017-28
105,103620170220
105,1080501
105,11-201109282
105,12-111
105,12-112
105,12-113
105,12-116
105,12-13349
105,12-69
105,12-70
105,12-71
105,1218218128
105,989998
105,989999
105,A0000005456
105,A0000335331
105,ABCXXX-1515
105,ABCXXX-22222
105,AD12
105,AE0000000102
105,AE0000010020
105,AH0008841234
105,AJ0000000014
105,AW0000001919
105,BK-111214
105,BK-20120419
105,BK-20A
105,BK-290915
105,BK-55551
105,BK-777040
105,BK-78917
105,BK-78920
105,BK0000000666
105,BK0000001235
105,BK0000006783
105,BK0000006796
105,BK0000012345
105,BT-0611-3
105,BT-1023-5
105,BT-118-1
105,BT-1209-1
105,BT-121-2
105,BT-2001
105,BT-9044-ABC
105,BT-NEW-D1
105,CBC-02
105,CBC-03
105,CC-041907
105,CC-04192012
105,CC-0423-03
105,CC-0601
105,CC-061101
105,CC-061814
105,CC-061819
105,CC-061907
105,CC-061908
105,CC-061911
105,QW0000019129
105,RA-103
105,RA-500
105,RC-3
105,RC0000000001
105,RRC-004
105,RRC-0107A
105,RRC-0107B
105,RRC-0108B
105,RRC-10348F
105,RRC-12152A
105,RRC-12813-A
105,RRC-12813-B
105,RRC-13385-A
105,RRC-14593A
105,RRC-36508-A
105,RRC-6139E
105,RU
105,RU-010
105,RU-020820182
105,RU-09242015
105,RU-19919893
105,RU-200
105,RU-20041
105,RU-201
105,RU-2010
105,RU-20101
105,RU-22
105,RU-22012019
105,RU-24
105,RU-2554
105,RU-3082021
105,RU-329
105,RU-3291
105,RU0024022011
105,RU2
105,RY-435895304
105,SS98111
105,ST-1000
105,ST-17
105,ST-17000
105,ST-18000
105,ST-2000
105,ST-23
105,ST-3000
105,ST-99
105,TAC-22
105,TD-355
105,TD-3933900
105,TD-44
105,TD-4458
105,TD-777
105,TD-909
105,TD-99999
105,TS-45
105,TT-340
105,TX-1
105,VT0004728382
105,WW0000119119
105,XX12
105,YCJA-32
105,YCJA-39
105,YCJA-89
105,YYJ-7777
105,YYJ-888
C402,98100
C402,PS98
C402,RA-501
C402,TD-229
202,JR-6001
202,RY-784378CC
KELO,20031
KELO,223311
KELO,22343
KELO,5678
KELO,BT-0312-2
KELO,BT_PRB-1
KELO,CC-9876
KELO,DEC10-EM2
401,2001-60070-4
401,2001-67126
401,2002-121212C
401,2003-0129-1
401,2003-AGEN1
401,2011-0912
401,223355
401,38383838
401,663311
401,777777-10
401,777777-28
401,881245
401,AE0000001000
401,BT-0914-23
401,BT-1002-1
401,BT-1104-2
401,BT-1126-1
401,BT-214-1
401,BT-721-1
401,BT0000001017
401,BT_4_DEVB
401,CC46783
401,FEDAGEN-2
401,FEDCROWN-2
401,MW-001
401,PRVALL-1
401,RP-990917
401,YCJA-35
NIDD,96-3-134117
NIDD,96-5601
NIDD,97-098
NIDD,97-3-91501
NIDD,97-300113
NIDD,97-300413
NIDD,97-525102
NIDD,98-0216
NIDD,98-0227
NIDD,98-03044
NIDD,98-05252
NIDD,98-1
NIDD,98-13676
NIDD,98-144556
NIDD,98-27
NIDD,98-313055
NIDD,98-313067
NIDD,98-313311
NIDD,98-313312
NIDD,98-313331
NIDD,98-313335
NIDD,98-313338
NIDD,98-3333
NIDD,98-345987
NIDD,98-525026
NIDD,98-525052
NIDD,98-525069
NIDD,98-525075
NIDD,98-525109
NIDD,98-525117
NIDD,98-5252
NIDD,98-525306
NIDD,98-70
NIDD,98-902042
NIDD,98-MPTEST2
NIDD,981210
NIDD,9871
NIDD,99-SS02
NIDD,991304
NIDD,AE0000001001
NIDD,ARW-0421
NIDD,ARW-707
NIDD,BK1111
NIDD,BS-98041701
NIDD,BT-0501-1
NIDD,BT0107-1
NIDD,BT0107G
NIDD,BT0108-1B
NIDD,BT0108-1C
NIDD,BT0108-J
NIDD,BT0108-K
NIDD,BT0108-M
NIDD,BT0212-1
NIDD,BT0217-2
NIDD,BT0225-1
NIDD,BT0226-10
NIDD,BT0226-5
NIDD,BT0308-4
NIDD,BT0308A
NIDD,BT0309-1
NIDD,BT0309-2
NIDD,BT0608-2
NIDD,CC-65
NIDD,DH-2121
NIDD,DH-29Y
NIDD,DH-333
NIDD,DH-4598
NIDD,DH-7676
NIDD,DH-898
NIDD,GG98-124
NIDD,GG98-154
NIDD,GG98-23
NIDD,GH96-135
NIDD,GH97-143
NIDD,GH97-158
NIDD,GH97136
NIDD,GH98-134
NIDD,ITSD98-001
NIDD,ITSD98-005
NIDD,JG101
NIDD,JG112
NIDD,JG113
NIDD,JP97-113
NIDD,JP98CQ042
NIDD,JR-1
NIDD,LN98-1078
NIDD,LN98-1079
NIDD,LN98-62
NIDD,LN98-ABCD
NIDD,MNP98-88
NIDD,MP98-51
NIDD,RA-0324C
NIDD,RA-0407B
NIDD,RA-100
NIDD,RA-5
NIDD,RA-5000
NIDD,RBA-0331F
NIDD,RBA-0407A
NIDD,RD-1234
NIDD,RD-7777
NIDD,RD-998877Y
NIDD,RU-1
NIDD,RY-0001112
NIDD,RY-0009
NIDD,RY-1099
NIDD,RY-1100
NIDD,RY-110010
NIDD,RY-2
NIDD,RY-2000-0006
NIDD,RY-2YN
NIDD,RY-34573748
NIDD,RY-346346
NIDD,RY-34697B
NIDD,RY-3487S
NIDD,RY-3487W
NIDD,RY-34953489
NIDD,RY-34968493P
NIDD,RY-34979B
NIDD,RY-34998W
NIDD,RY-369834
NIDD,RY-379
NIDD,RY-396394
NIDD,RY-40011
NIDD,RY-40012
NIDD,RY-40014
NIDD,RY-4002
NIDD,RY-40022
NIDD,RY-4005
NIDD,RY-4006
NIDD,RY-43985638
NIDD,RY-44546DF4
NIDD,RY-45769
NIDD,RY-45968S
NIDD,RY-4598
NIDD,RY-459867
NIDD,RY-5002
NIDD,RY-5003
NIDD,RY-5675
NIDD,RY-56865
NIDD,RY-5686585R
NIDD,RY-5696-34
NIDD,RY-5789
NIDD,RY-6756
NIDD,RY-6767DDED
NIDD,RY-6767FG56
NIDD,RY-76876
NIDD,RY-8347
NIDD,RY-89340
NIDD,RY-APP6
NIDD,RY-CP2006
NIDD,RY-INF2
NIDD,RY-MERGE13
NIDD,RY-RET2
NIDD,RY-RET4
NIDD,RY-TER
NIDD,RY-WEWE
NIDD,RY-X
NIDD,SY97-43210
NIDD,TAD-04
NIDD,TAD-107
NIDD,TAD-108
NIDD,TAD-109
NIDD,TAD-3391
NIDD,TAD-78
NIDD,TD-09
NIDD,TD-1722
NIDD,TD-20
NIDD,TD-200
NIDD,TD-3
NIDD,TD-307
NIDD,TD-341
NIDD,TD-388
NIDD,TD-40
NIDD,TD-435
NIDD,TD-445
NIDD,TD-451
NIDD,TD-45908
NIDD,TD-50
NIDD,TD-5690
NIDD,TD-707
NIDD,TD-821
NIDD,TD-889
NIDD,THM003
NIDD,TP-04222
NIDD,TSS222
NIDD,TSS500
NIDD,TSS5000
NIDD,TSS501
NIDD,TST-001
NIDD,TST4001
NIDD,TST4003
NIDD,VA-02
NIDD,VA-03
NIDD,VA-988993
NIDD,VA98-98654
NIDD,VLA-0033
NIDD,VLA-0077
NIDD,VLA-0203
NIDD,VLA-0307
NIDD,WK-2222
LECC,190889
LECC,555
LECC,98-333302
LECC,98-444408
LECC,98-444413
LECC,98-444415
LECC,98-444416
LECC,98-444420
LECC,98-555501
LECC,98-555502
LECC,98-99988
LECC,CC-10
LECC,DD98-325
LECC,DD98-446
LECC,DD98-77777
LECC,DH-19
LECC,DH-201
LECC,GG981313
LECC,JG123
LECC,RA-3500
LECC,RA-6
LECC,RBA-0320
LECC,RP-13
LECC,TAD-114
LECC,TAD-12
LECC,TAD-125
LECC,TD-451
LECC,THM005
LECC,TP-45579
402,BT-1025-1
402,EV670302
402,EV8000011
402,EV8000015
402,EX6001
402,EZ6000007
402,PF503
406,2004-1010
408,DELETETEST
412,12-263345
412,2002-90044I
412,2002-9030-1
412,2003-300
606,17-7767
105,2011-0723
105,2011-0809
105,2011-0822
105,2011-1004B
105,2011JR
105,201308071219
105,20170218
105,21-100
105,21-1001
105,21-20211018
105,21-20211020
105,21-21224
105,2154454
105,21:20200710
105,22-1002
105,22-8765
105,22-9900
105,22929
105,234903489023
105,24-1
105,32591
105,33939
105,444123
105,4444
105,445559
105,4567
105,6152021-1
105,777765
105,7788
105,876123
105,89787897897
105,9388
105,97-0101
105,98-751
105,RU-60923
105,RU-615
105,RU-6172016
105,RU-622020
105,RU-6242004
105,RU-633005
105,RU-654
105,RU-654555
105,RU-654987321
105,RU-658
105,RU-665544
105,RU-6666
105,RU-706
105,RU-7132004
105,RU-810
105,RU-8420161
105,RU-87655
105,RU-F2
105,RU0000000022
105,RU0000000137
105,RU0000000154
105,RU0000004000
KELO,PF20101105
KELO,PF4000-2
KELO,RRC-009
KELO,RU-1201
KELO,RU-25101
KELO,RU-2520051
KELO,TD-2220
KELO,TD-233
KELO,XYC-12
401,06-14871
401,1
401,11-1717
401,11-1722
401,12-1015
401,12-123713
105,JCYA-13
105,JR-1000
105,JR-1099
105,JR0000001298
105,JR0020090319
105,JR0020090320
105,JR1000
105,KE_C6
105,LB-12345
105,LC-2
105,PF-4031
105,PF-4047
105,PF-4050
105,PF-5001-1
105,PF-6065
105,PF-85002-1
105,PF-ERROR1
105,PF-OIC16-1
105,PF-OIC18-1
105,PF-OIC2
105,2004
105,2004-1
105,2006B
105,2006E
105,20100713
105,201008193
105,201008194
105,20100824_810
105,201009036
105,20101110
105,2011-06271
105,2011-07072
105,2011-0712
105,2011-07141
401,12-3219
401,12-4
401,12-440
401,12-47
401,12-7
401,12-810
401,18-1777
401,18-1779
401,18-1782
401,18-1784
401,19-1980
401,19-76843
401,2
401,2001-105645A
401,2001-111791A
401,2001-111791D
401,2001-111791H
LECC,WK98-501
822,11-082901
822,11-083105
822,3
104,21-51547302
206,20-10061
210,15-10006
210,19-102
210,19-103
210,19-107
210,20-3232
210,20121106
210,JR-1014
210,JR-1101
210,JR-1107
210,JR-1108
402,04-29276
402,11-083110
402,11-100006
402,11-122004
117,JR-5001
121,JR-1019
121,JR-6002
121,JR-6004
121,JR-6013
121,JR-6025
121,JR-6039
121,JR-6063
NIDD,04-414
NIDD,0APR01234
NIDD,0DEC01234
NIDD,0MAR031234
NIDD,0MAY031234
NIDD,12-935
NIDD,1234
NIDD,2004-1234567
NIDD,32158-55
NIDD,393939
NIDD,4-97-224108
NIDD,77779BK
NIDD,95-3-89707
105,BK102030
105,BK202021
105,BK262626
105,BK5555
105,BK666
105,BK6667
105,BK9997
105,BS-115
105,BT-01233
105,BT-0123P
105,BT-02081
105,BT-0215-3
105,BT-0504-1
105,BT-0611-1
105,PF0000006061
105,PF0000006064
105,PF2011082301
105,PF201109081
105,PF201110033
105,PF20111005
105,PF20120110
105,PF20141
105,PF4000
105,PF4009-1
105,PF4011-1
105,PF4013-1
800,777777-22
800,7777777
800,789798789
800,PF2011090706
VYP,BT-0226-ALL
VYP,CC-0705
VYP,CC-070601
KCCA,RU-BLD
BCLS,100A
BCLS,12222
803C,13-070304
4,12-214
,AA-1
,RX-55556
401,BT-0117-7
401,BT-0311-3
401,BT-0816-1
401,BT-0905-E
401,BT-0905-J
105,13-7020
105,13-7026
105,14-1000
105,14-19999
105,14-2016
105,15-12466
105,15-1248
105,15-33
105,151007-BK1
105,151413
105,16-1090
105,16-95223
105,16-9988
105,167526
105,17-200
105,RU-10212019
105,RU-10242015
105,RU-110120173
105,RU-110120176
105,RU-1113
105,RU-1116
105,RU-11172018
105,RU-113
105,RU-12
105,RU-12129
105,RU-123020151
105,RU-1242022
105,RU-12ACC_LOG
105,RU-13515
105,RU-14
105,CC-1001
105,CC-10012
105,CC-101
105,CC-1111
105,CC-111222333
105,CC-1212
105,CC-1231112
105,CC-24
105,CC-25
105,CC-26
105,CC0000001000
105,CC1
105,CC3939
105,CC400
105,DH-0211
105,DH-02111
105,DH-0212
105,EZ0085744001
105,FF0000000300
719,RU-4444
800,11-1130253
800,11-121344
800,13-0816110-1
800,13-130813102
800,130813099
800,147147
800,444555666
800,654321
105,1717
105,18-11332
105,18-1206
105,18-1210
105,18-1211
105,18-19883
105,18-19885
105,18-19888
105,18-2111911
105,18-257
105,18-300092
105,18-300093
105,18-7654
105,19-1217
105,19-123
105,19-1831
105,19-1839
105,19-7270
105,19-9909
105,19-99999902
105,20-10065
105,20-19922
105,2000-100
105,2003-900
105,RU-4202007
105,RU-44200813
105,RU-4420082
105,RU-44200821
105,RU-4420085
105,RU-4420086
105,RU-4420087
105,RU-472005-Y
105,RU-51
105,RU-522022
105,RU-54201
105,RU-54668
616,18-77192
705,33
709,AE1000
716,12-0015
716,12-1
716,12-1340
716,14-106401
716,48047
105,TAD-100
105,TAD-13
105,TAS-1
105,TC-90
105,TD-1010
105,TD-12202
105,TD-292923
105,TD-3202
105,TD-330
105,TD-33030
105,TD-34
105,0000022111
105,0001
105,0002
105,02-12
105,03-555
105,04-12062004
105,04-129
105,05-20202
105,05-2223
105,05-225
105,05-226
105,05-2929
105,05-4404
105,05-922
105,06-200
105,06-20120328
105,06-2331
105,06-44949
105,07-10042
105,07-500042
105,07-500312
105,07-TESTLB1
105,07112
105,08-0617
105,08-12345
105,08-16036
105,08-BK08123
105,09-121345-01
105,10-20101213
105,10-20101216
105,10-90101212
105,10361702201
105,1036170222
105,10361702222
105,10805A
105,11-080202
105,11512
105,12-114
105,12-117
105,12-13348
105,12-401YYYY
105,12-7271
105,12312311
105,99300
105,AB0060000264
105,ABCXXX-888
105,AC0000088888
105,AD-526
105,AD563
105,AF0000001010
105,AY-4300
105,BK-10102018
105,BK-1156
105,BK-170803
105,BK-250801
105,BK-250802
105,BK-777041
105,BK-78914
105,BK0000005555
105,BK0000006786
105,BK0000006794
105,BT-1209-5
105,BT-121-B
105,BT-1210-1
105,BT-1213-1
105,BT-NEW-D2
105,CC-01
105,CC-041918
105,CC-0423-05
105,CC-0522
105,CC-0608
105,CC-0618
105,CC-061822
105,QW0000222929
105,RC-10
105,RC-30
105,RCC-101
105,RCC-11
105,RMU2222
105,RRC-0108E
105,RRC-10600A
105,RRC-11724A
105,RRC-12770.1
105,RRC-14886-A
105,RRC-14954A
105,RRC-6139D
105,RU-0137
105,RU-02072020
105,RU-04142004
105,RU-16112
105,RU-17
105,RU-19
105,RU-192006
105,RU-2042022
105,RU-21601
105,RU-2262020
105,RU-2488982
105,RU-2510
105,RU-25258
105,RU-26
105,RU-27
105,RU-27001
105,RU-3032016
105,RU-31255
105,RU-3132019
105,RU-33120221
105,RU-352007
105,RU-4000
105,RU-4072021
105,RU-4182016
105,RU0000220100
105,RU0000261000
105,RU0000682005
105,RU0001292006
105,RU0006152004
105,RU0006152018
105,RU0009262006
105,RU0010232017
105,RY-RY-RY1
105,ST-02
105,ST-03
105,ST-12
105,ST-18001
105,ST-2
105,ST-8000
105,ST-93
105,ST-95
105,ST-96
105,TA-233
105,TD-4400
105,TD-450
105,TD-888
105,TD-9880
105,TD-991
105,TD-998
105,TD-999
105,TD0000888555
105,VT0000009995
105,WQ0000121212
105,X45
105,X5
105,X66
105,X7
105,YCJA-26
105,YCJA-3
105,YCJA-44
C402,BM-1
C402,NV-1234
C402,RA-1
C402,RA-2
C104,RY-784378XZ
C303,777777-6
C309,96-525055
203,JR-1011
KELO,20040812-1
KELO,22-8899
KELO,321321
KELO,3353312
KELO,98-60A
KELO,BT-0219-1
KELO,BT-0219-2
KELO,BT-119-1
401,2001-151712D
401,2001-60070
401,2001-60070_1
401,2002-111111D
401,2002-121212D
401,2002-121212F
401,2002-121212I
401,2002-121212K
401,2002-131313J
401,2002-987987
401,2003-01212
401,2003-0127-1
401,2003-11701
401,777777-29
401,BT-0914-2
401,BT-1004-1
401,BT-1011-COPY
401,BT-1020-1
401,BT-1107-1
401,BT-121-2
401,BT-121-3
401,BT-214-2
401,BT-216-1
401,BT-218-1
401,BT-APP-1
401,BT0000001000
401,BT0000010231
401,BT_225
401,D8
401,N
401,NOTIFICATION
401,TAD-3445
NIDD,96-808
NIDD,96CQ50174
NIDD,97-1-11111
NIDD,97-3-21856
NIDD,97-300323
NIDD,97-300443
NIDD,97-525104
NIDD,97CQ-32209
NIDD,98-00008
NIDD,98-03166
NIDD,98-05282
NIDD,98-100010
NIDD,98-1111K
NIDD,98-12346
NIDD,98-13222
NIDD,98-2
NIDD,98-2222
NIDD,98-313057
NIDD,98-313069
NIDD,98-313071
NIDD,98-313074
NIDD,98-313075
NIDD,98-313081
NIDD,98-313087
NIDD,98-313093
NIDD,98-313305
NIDD,98-313313
NIDD,98-313322
NIDD,98-313333
NIDD,98-344322
NIDD,98-345345
NIDD,98-4389
NIDD,98-455667
NIDD,98-45569
NIDD,98-525020
NIDD,98-525022
NIDD,98-525024
NIDD,98-525027
NIDD,98-525034
NIDD,98-525071
NIDD,98-525074
NIDD,98-525078
NIDD,98-525091
NIDD,98-525112
NIDD,98-525119
NIDD,98-525121
NIDD,98-525123
NIDD,98-525132
NIDD,98-52518
NIDD,98-525301
NIDD,98-525302
NIDD,98-525307
NIDD,98-574634
NIDD,98-65432
NIDD,98-6666
NIDD,98-66666
NIDD,98-MPALL
NIDD,98-MPTEST
NIDD,98-VLA005
NIDD,98-VLA0202
NIDD,98-VLA0509
NIDD,9876543
NIDD,98CQ005Y
NIDD,98CQ007
NIDD,99-SS01
NIDD,ARW-34345
NIDD,ARW-633
NIDD,ARW-9007
NIDD,ASJ001
NIDD,BK-989899
NIDD,BS-98042102
NIDD,BT0107D
NIDD,BT0108B
NIDD,BT0108H
NIDD,BT0212A
NIDD,BT0226-13
NIDD,BT0303-1
NIDD,BT0426-1
NIDD,BT0426-1A
NIDD,BT0504
NIDD,BT0608-5
NIDD,BT105
NIDD,BT106
NIDD,CC98765
NIDD,CQ98006
NIDD,DH-090
NIDD,DH-100
NIDD,DH-144
NIDD,DH-18
NIDD,DH-31
NIDD,DH-4443
NIDD,DH-777
NIDD,GG98-153
NIDD,GG98-155
NIDD,GG98-338
NIDD,GG98-350
NIDD,GG98-85
NIDD,GH97-139
NIDD,JG111
NIDD,JP97-126
NIDD,JP97-128
NIDD,JP97-93
NIDD,JPJ06
NIDD,JPJ1103
NIDD,LN98-18
NIDD,LN98-35
NIDD,LN98-36
NIDD,MNP-DE2
NIDD,MNP0918
NIDD,MNP98-71
NIDD,MNP98-86
NIDD,MNP98-99
NIDD,MNPTEST001
NIDD,MP-NW01
NIDD,MP97-151
NIDD,MP98-154
NIDD,RA-0409A
NIDD,RA-0423-SD
NIDD,RA-0423B
NIDD,RA-0501A-1
NIDD,RA-800
NIDD,RAY1222
NIDD,RBA-0327D
NIDD,RBA-0331B
NIDD,RD-1
NIDD,RD-4321Y
NIDD,RD-98769876
NIDD,RD554466
NIDD,RRC-010
NIDD,RRC-12583B
NIDD,RY-1101
NIDD,RY-1102
NIDD,RY-2000-0007
NIDD,RY-2002
NIDD,RY-300
NIDD,RY-34295729
NIDD,RY-345899384
NIDD,RY-34695834
NIDD,RY-346978349
NIDD,RY-34897534
NIDD,RY-349539
NIDD,RY-3496398A
NIDD,RY-34983498
NIDD,RY-356084
NIDD,RY-4000
NIDD,RY-40016
NIDD,RY-4008
NIDD,RY-43598
NIDD,RY-43958349
NIDD,RY-45675
NIDD,RY-45799
NIDD,RY-4655
NIDD,RY-5001
NIDD,RY-56657
NIDD,RY-567575ER4
NIDD,RY-56765765
NIDD,RY-56856856
NIDD,RY-56893
NIDD,RY-575893
NIDD,RY-5878
NIDD,RY-5938369
NIDD,RY-67764
NIDD,RY-999487
NIDD,RY-APP1
NIDD,RY-APP10
NIDD,RY-APP4
NIDD,RY-CP2004
NIDD,RY-MERGE1
NIDD,RY-RCC2INF
NIDD,RY-RET3
NIDD,RY-RY-RY1
NIDD,RY-SUB4C
NIDD,RY-VA3-SEC9
NIDD,RY-VA4-SEC9
NIDD,SS930
NIDD,SS99-125
NIDD,TAD-03
NIDD,TAD-05
NIDD,TAD-106
NIDD,TAD-132
NIDD,TAD-335
NIDD,TAD-34
NIDD,TAD-668
NIDD,TAD212
NIDD,TD-100
NIDD,TD-138
NIDD,TD-143
NIDD,TD-3000
NIDD,TD-566
NIDD,TD-800
NIDD,TD-808
NIDD,TD-892
NIDD,TD-90
NIDD,TD322
NIDD,THM002
NIDD,TSS005
NIDD,TST4002
NIDD,VA-04
NIDD,VA98-4005612
NIDD,VA98-867756
NIDD,VLA-011011
NIDD,VLA-03
NIDD,VLA-0308
NIDD,VLA-0909
NIDD,VLA-09887
NIDD,VLA-099
NIDD,WILL-2
LECC,1122
LECC,222
LECC,333
LECC,444406
LECC,98-333308
LECC,98-444
LECC,98-44403
LECC,98-444418
LECC,98-525079
LECC,98-555510
LECC,BS-98050102
LECC,CC-03
LECC,DD98-302
LECC,DD98-353
LECC,DD98-469
LECC,DH-03
LECC,DH-111
LECC,DH-16
LECC,DH-17
LECC,DH-33
LECC,DH-36
LECC,GG98-456
LECC,RA-0401C
LECC,RA-2002
LECC,RA-4402
LECC,RAY69
LECC,RD-887766
LECC,RY-784378SI
LECC,TAD-113
LECC,TAD-3350
LECC,TAD-4458
LECC,TAD-899
LECC,TD-3390
LECC,TD-778
LECC,VA98-100100
402,EV670016
402,EV8000010
402,EV8000018
408,36963
412,12-101
412,2002-90044
412,2002-90044U
412,2003-300-01
412,2003-7777
515,RU-1
606,19-2749
105,2011-07A
105,2011-0816
105,2011-0817
105,2011-0824
105,2011-0914
105,2011-0920
105,2011-1012
105,201107132
105,201107142
105,20170810LC
105,201712
105,207007271
105,21-1000
105,21-101
105,212121
105,22-01
105,22-220112ML
105,250800
105,2929229
105,3000-202020
105,30302027
105,3833838
105,4112000
105,4112002
105,4124
105,500-333
105,5585858
105,56789
105,76767676
105,8789789789
105,889989898
105,9000
105,9316A
105,970202
105,98-0777
105,98-161
105,98-301
105,98-5002
105,98-551
105,98-64
105,98-67
105,RU-55553
105,RU-60001
105,RU-600010
105,RU-6152018
105,RU-62920162
105,RU-642016
105,RU-6580
105,RU-7420161
105,RU-762018
105,RU-8
105,RU-8420163
105,RU-882007
105,RU-885522
105,RU-9162020
105,RU-982
105,RU-AMTESTING
105,RU-ENGLISH
105,RU-RCC-K1
105,RU0000001002
105,RU0000001234
105,RU0000002100
105,RU0000004545
105,RU0000010011
KELO,RU-3032022
KELO,RU-5252
KELO,RU-70
KELO,TD-222
KELO,TD-2223
KELO,TD-333
KELO,WCTEST01
KELO,XX20110801
802C,1
401,06-100
401,11-1699
401,11-1712
401,12-12013
401,12-12014
401,12-12015
401,12-13
105,JR-2504
105,JR-2505
105,JR100
105,JWR-5017
105,KB-1
105,KE_C10
105,KE_C3
105,LB-123
105,LC-29062016
105,LC-3
105,LC20170420
105,LC20170503
105,MC-1223
105,PF-4009
105,PF-40182
105,PF-4021
105,PF-4029
105,PF-4051
105,PF-44556
105,PF-OIC13-1
105,PF-OIC17-1
105,PF-OIC19-1
105,20032
105,201008202
105,2011-0627
105,2011-07121
105,2011-07133
105,2011-0717
401,12-211
401,12-401DDDD
401,12-4215
401,12-444
401,12-60128
401,12-9911
401,12-9918
401,13-12222
401,13-38477
401,13-444
401,18-1778
401,2001-111791
401,2001-111791E
401,2001-111791F
401,2001-111791I
LECC,WK98-505
LECC,WK98-508
LECC,WK98-509
822,1
822,6
104,97-31586
206,20-10062
210,15-10008
210,17-0308
210,18-1981
210,19-108
210,19-8882
210,JR-1008
402,11-BJEDIS2
402,11-BJEDIS3
402,12-0023
402,12-4215
110,98-9376
117,JR-5002
119,98-5857
121,JR-1006
121,JR-5010
121,JR-5015
121,JR-6001
121,JR-6006
121,JR-6007
121,JR-6054
C402,98-1233B
C402,98-756
C402,98-80
C402,98-90
NIDD,05-3340
NIDD,0MAR021234
NIDD,0MAR1234
NIDD,10-EJS2
NIDD,12-937
NIDD,1997-300143
NIDD,2004-123456
NIDD,44-87
NIDD,94-268827
NIDD,95-525048
105,BK0000123456
105,BK0000304050
105,BK0000546789
105,BK12810
105,BK8888
105,BT-0123
105,BT-0223-2
105,BT-03091
105,BT-0503-1
105,BT-0507-3
105,PF-OIC3-1
105,PF0000065231
105,PF0000456789
105,PF20101105-1
105,PF2011080301
105,PF2011090601
105,PF201110052
105,PF20111221
105,PF201201131
105,PF4005
105,PF4007
105,PF5001
105,PF505
105,PFERROR8-1
105,PROB-21
800,777777-25
KCH,98765
KAIN,12345
KCCA,21-1510-1
BCLS,100
803C,QUES4567
KRC,41454
401,BT-0114-2
401,BT-0228-1
401,BT-0308-1
401,BT-0322-1
401,BT-0322-2
401,BT-0414-1
401,BT-0722-3
401,BT-0903-1
401,BT-0905-F
401,BT-0905-G
401,BT-0905-L
105,13-1005
105,13-7025
105,13-7028
105,13-7029
105,13-7033
105,13111
105,14-1010113
105,14-10230
105,14-BJ35
105,15-12463
105,15-20150731
105,15-39
105,15-5000
105,15-6001
105,15-945
105,15-95223
105,16-884123
105,16-952
105,17-4500
105,RU-1013
105,RU-10262017
105,RU-10282004
105,RU-1051
105,RU-110120171
105,RU-110120172
105,RU-110120174
105,RU-1102005
105,RU-111222
105,RU-1114
105,RU-11342
105,RU-1172005
105,RU-12000
105,RU-12052019
105,RU-122
105,RU-1221
105,RU-12302015
105,RU-137
105,RU-142018
105,RU-152005
105,CC-10011
105,CC-1112
105,CC-12
105,CC-1210
105,CC-21
105,CC-28
105,CC-40
105,CC-400
105,DH-200
105,EA0088776655
105,EM-FILE-1
105,EV8000014
722,777777-30
800,11-083101
800,11-1202382
800,11-120741
800,13-0813103
800,13-0813111-1
800,14-4568
800,48484848
800,74147
105,17-9797
105,1716
105,18-10108
105,18-1202
105,18-19889
105,18-2505
105,19-1833
105,19-7272
105,19-8202
105,1919
105,20-10013
105,20-10016
105,20-201401
105,20-2608
105,2003-1
105,RU-424242
105,RU-4262007
105,RU-4282022
105,RU-442008
105,RU-44200814
105,RU-44200818
105,RU-46
105,RU-50011
105,RU-5172005
105,RU-5211
105,RU-52112
105,RU-52113
105,RU-5312016
105,RU-532004
616,19-10995
616,19-2752
701,98-1111
709,RU0000001000
716,12-0013
716,12-002625
716,12-117
716,12-12
716,12-1356
716,12-1357
716,12-AD-1X
716,47953
105,TAD-44
105,TC-4
105,TD-1000
105,TD-12
105,TD-122
105,TD-3440
105,0000022112
105,01-1234
105,02-110
105,02-220
105,020298
105,03-100
105,03-2820031
105,05-101
105,05-220
105,05-2210
105,05-227
105,05-667
105,05-6690
105,05-77777
105,05-779
105,05-7878
105,05-880
105,05-889
105,06-111
105,06-2020
105,06-710
105,07-4491525
105,07-789456
105,07-LB123
105,08-12346
105,08-BK08125
105,09-100062
105,09-1199
105,09-15122009
105,09-1919
105,09-250802
105,09-33300
105,09-8766
105,1
105,10-20101217
105,10-BJDEMO2
105,1003
105,11-080203
105,11-080206
105,11-100004
105,11-100005
105,11-1696
105,11223
105,11223344
105,12-00-1234
105,12-01234
105,12-13342
105,12-222
105,12-223
105,12-40
105,12-94
105,1255
105,985007
105,985016
105,98CQ2372
105,A0000088128
105,A097
105,ABCXXX-1616
105,ABCXXX-1717
105,ABCXXX-666
105,AD0000000022
105,AD3
105,AE0000062003
105,AE0020120103
105,AE0044556677
105,AS0000202020
105,BK-111213
105,BK-161718
105,BK-250803
105,BK-32591
105,BK-3330
105,BK-3332
105,BK-67671
105,BK-78910
105,BK-78912
105,BK-78915
105,BK-78919
105,BK0000006790
105,BK0000006792
105,BT-0612-2
105,BT-1210-9
105,BT-NEW-1
105,CC-041902
105,CC-041906
105,CC-041911
105,CC-0423-01
105,CC-061105
105,CC-061802
105,CC-061827
105,CC-061909
105,QW0000000111
105,RA-4101
105,RA-4500
105,RC-20
105,RC0001000000
105,RRC-1
105,RRC-10348H
105,RRC-12087
105,RRC-15053A
105,RRC-15053B
105,RRC-15073
105,RRC-20685
105,RRC-6139C
105,RRC-DNA-115A
105,RRC-DNA-115C
105,RU-0001000
105,RU-01
105,RU-0340
105,RU-0912
105,RU-170310
105,RU-18
105,RU-18276-2
105,RU-18276-3
105,RU-2
105,RU-2004
105,RU-201010
105,RU-2072021
105,RU-2142021
105,RU-2201
105,RU-24021
105,RU-24023
105,RU-2501
105,RU-3
105,RU-3110
105,RU-31101
105,RU-3112005
105,RU-3122018
105,RU-3172022
105,RU-334
105,RU-36
105,RU-4
105,RU0000242003
105,RU0000662018
105,RU0000962017
105,RU0001172005
105,RU0004252022
105,RU0004282022
105,RU0020112006
105,RU3
105,RU_654654
105,RY-309409
105,RY-RY-RY
105,ST-05
105,ST-18
105,ST-18002
105,ST-24
105,ST-789
105,TAC-1
105,TD-778
105,TD-8891
105,TD-89
105,TD-900
105,TD-99912
105,VM46908-1
105,X12
105,YCJA-28
C402,CC-2
C402,NV-0218
C402,RU-112020171
C402,RU-552004
C402,SS-0891
C303,777777-5
C311,777777-35
201,98-12345
203,JR-1001
5821,98-3423
100,RU-1
KELO,04-4438
KELO,05-900
KELO,112233
KELO,1234-BL
KELO,200403035
KELO,200403111
KELO,55661122
KELO,A0973
KELO,BT-0501-2
401,2001-60070-3
401,2001-60070_5
401,2002-100
401,2002-111111A
401,2002-111111C
401,2002-121212H
401,2002-131313B
401,2002-131313E
401,2002-161616E
401,2002-161616F
401,2002-223322
401,2003-0121
401,2003-222222
401,21121
401,4801232
401,48013
401,777777-12
401,777777-15
401,96-158743
401,BT-0918-1
401,BT-0918-2
401,BT-0919-1
401,BT-1011-1
401,BT-1119-1
401,BT-1222-1
401,BT-1230-1
401,BT-1231-1
401,BT-3081-1
401,BT0000004590
401,BT0000010232
401,BT0000010292
401,CC-900
401,CC062004
401,D5
401,D6
401,STATUS2
401,TD-03
NIDD,96-3-33564
NIDD,97-300813
NIDD,97-50472
NIDD,97-540145
NIDD,97-560148
NIDD,97-980000
NIDD,97-9876
NIDD,97CQ-31029
NIDD,98 313085
NIDD,98-00003
NIDD,98-0001
NIDD,98-0099877
NIDD,98-03045
NIDD,98-0999
NIDD,98-107
NIDD,98-1111
NIDD,98-313056
NIDD,98-313070
NIDD,98-313084
NIDD,98-313308
NIDD,98-313336
NIDD,98-313337
NIDD,98-320001
NIDD,98-344323
NIDD,98-525038
NIDD,98-525040
NIDD,98-5251
NIDD,98-525110
NIDD,98-525111
NIDD,98-525114
NIDD,98-525118
NIDD,98-525130
NIDD,98-525300
NIDD,98-BBY1234
NIDD,98-CPYALL
NIDD,9804
NIDD,98CQ009
NIDD,ARW-987876
NIDD,ARW5000
NIDD,BK-3259
NIDD,BS-98050401
NIDD,BS-98050801
NIDD,BT-7657857
NIDD,BT0216-1
NIDD,BT0226-2
NIDD,BT0226-4
NIDD,BT0303-5
NIDD,BT0304-2
NIDD,BT0308-2
NIDD,BT0308-3
NIDD,BT0309-3
NIDD,BT0429-1
NIDD,CC-02
NIDD,CC-10
NIDD,CC-31
NIDD,DH-1112
NIDD,DH-20
NIDD,GG98-163
NIDD,GG98-317
NIDD,GG98-358
NIDD,GH97-138
NIDD,GH97-145
NIDD,ITSD98-002
NIDD,JG2
NIDD,JG21
NIDD,JP97-123
NIDD,JP97-96
NIDD,JP97CQ050
NIDD,JPJ1102
NIDD,LN1098
NIDD,LN98-08
NIDD,LN98-101
NIDD,LN98-39
NIDD,LN98-42
NIDD,LN98-44
NIDD,MNP98-73
NIDD,MP-DRUGS
NIDD,MP-ZZZ
NIDD,MP97-186
NIDD,MP98-152
NIDD,MP98-157
NIDD,RA-0
NIDD,RA-0323B
NIDD,RA-0324D
NIDD,RA-0501A
NIDD,RA-1
NIDD,RA-10019
NIDD,RA-2
NIDD,RA-3600
NIDD,RD-8877
NIDD,RD-911
NIDD,RD-9911
NIDD,RD-998877
NIDD,RP-19990915
NIDD,RY-0000011
NIDD,RY-00001
NIDD,RY-000111
NIDD,RY-34598
NIDD,RY-347
NIDD,RY-3487
NIDD,RY-34874
NIDD,RY-348773
NIDD,RY-3488
NIDD,RY-34883
NIDD,RY-3495439
NIDD,RY-34985394
NIDD,RY-4001
NIDD,RY-4358988
NIDD,RY-45749F
NIDD,RY-4586489
NIDD,RY-4598459
NIDD,RY-4678945
NIDD,RY-539488S
NIDD,RY-5674574
NIDD,RY-56973479
NIDD,RY-5698D
NIDD,RY-57
NIDD,RY-678658567
NIDD,RY-76764
NIDD,RY-7686786
NIDD,RY-783495
NIDD,RY-78943TWEJ
NIDD,RY-83458
NIDD,RY-897237
NIDD,RY-COPYME
NIDD,RY-CP2000
NIDD,RY-INF5
NIDD,RY-MERGE23
NIDD,RY-RY-RY
NIDD,RY-SUB3
NIDD,RY-YERTE
NIDD,SJ034
NIDD,SS99-321
NIDD,SS99-333
NIDD,TA-3
NIDD,TAD-102
NIDD,TAD-331
NIDD,TAD-505
NIDD,TAD-897
NIDD,TAD-988
NIDD,TD-23
NIDD,TD-333
NIDD,TD-3900
NIDD,TD-391
NIDD,TD-404
NIDD,TD-7812
NIDD,TD-822
NIDD,TD-898
NIDD,TD100
NIDD,THM004
NIDD,THM011
NIDD,VA-980392
NIDD,VA98-305
NIDD,VA98-3052
NIDD,VLA-0099
NIDD,VLA-0201
NIDD,VLA-0306
LECC,55555
LECC,96-052544
LECC,96-37427
LECC,96CQ-44765
LECC,98-333303
LECC,98-333305
LECC,98-333333
LECC,98-444401
LECC,98-444411
LECC,98-444414
LECC,98-45141
LECC,98-555504
LECC,98-555506
LECC,98-56140
LECC,98-977777
LECC,AFDADSF
LECC,DH-07
LECC,DH-10
LECC,DH-15
LECC,DH-37
LECC,DH-6666
LECC,GG98-123
LECC,GG98-9966
LECC,GG98-9999
LECC,JJ98-225
LECC,LECC
LECC,PR-300
LECC,RA-0416A
LECC,RA-0512A
LECC,RA-11
LECC,RA-2006
LECC,RAY38
LECC,RAY88
LECC,RP-12
LECC,RY-459864AWQ
LECC,RY-47435T
LECC,TAD-306
LECC,TAD-44
LECC,TD-322
LECC,TD-4500
LECC,TP-56479
LECC,TSS001
402,2004-1234
402,EV670300
402,EV8000004
402,EV8000012
402,EV8000013
408,NORMALDATES
408,TEST3
412,2002-9006
412,3000-100
606,18-2737
606,18-2738
606,18-88108
606,19-2745
105,2011-0721
105,2011-0908
105,201101
105,21-10099
105,21-877
105,22-0004
105,22-8000
105,22-8833
105,23-8
105,239239239
105,25-555
105,331124
105,333
105,4123
105,52321
105,55555
105,661123
105,666666-1
105,66669BK
105,7067
105,9062018
105,97-47474
105,97-57564
105,98-0210
105,98-077
105,98-100
105,98-2000
105,98-550
105,98-55333
105,98-65
105,98-758
105,RU-5544
105,RU-555555555
105,RU-6000111
105,RU-6102019
105,RU-6132018
105,RU-6292016
105,RU-6320041
105,RU-65
105,RU-7122004
105,RU-7202004
105,RU-8242018
105,RU-8252005
105,RU-8420041
105,RU-8493
105,RU-9212005
105,RU-APPL4
105,RU-ENGLISH1
105,RU-KFILE1
105,RU0000000003
KELO,PF4001-1
KELO,RU-524-1
KELO,RU-5242
KELO,SA345
KELO,TC-1
KELO,TD-221
802C,TEST1234
6012,6011-1
401,11-1693
401,11-1710
401,12-1201
105,JR-10
105,JR-100
105,JR-102
105,JR-2503
105,JR0013800002
105,JUSTIN6-C1
105,KE_C14
105,KE_C4
105,KE_C5
105,LC-11012017
105,LC0004242018
105,LC0042420182
105,M37393A
105,MM-17-1
105,PF-20101103
105,PF-4022
105,PF-4032
105,PF-4033
105,PF-4040-1
105,PF-4046
105,PF-4048
105,PF-OIC2-1
105,PF-OIC20-1
105,2003A
105,201008195
105,201008201
105,201008206
105,201008208
105,201009032
105,201009034
105,201009082
105,201011081
105,2011-07122
105,2011-07131
105,2011-07173
401,12-21
401,12-231119
401,12-3123
401,12-402
401,12-437
401,12-442
401,12-56
401,12-56112
401,12-6
401,12-60928ZZ
401,18-1093
401,18-1781
401,18-1783
401,19-86698
401,19-99999911
401,2001-134215C
401,2001-147225C
LECC,WK98-503
822,11-083106
822,4
206,20-10064
210,16-888777
210,18-77685
210,19-104
210,19-106
210,19-8879
210,20121105
210,JR-1103
210,JR-1105
210,JR-1109
210,MM-01
402,12-15
402,12-4112
109,JR-1003
121,JR-6016
121,JR-6028
121,JR-6062
121,JR-6064
121,JR-6065
C402,70999
C402,98-0303NV
C402,98-70
C402,980757
F102,12345
NIDD,04-12
NIDD,04-1919
NIDD,0APR021234
NIDD,0AUG01234
NIDD,0JAN01234
NIDD,0MAY01234
NIDD,0NOV040123
NIDD,0NOVO20234
NIDD,11111
NIDD,19980924-1
NIDD,2000-0002
NIDD,256
NIDD,555-1212
NIDD,95-287332
NIDD,95-525049
105,BK0000456710
105,BK0011221122
105,BK1234
105,BS-112
105,BT-01191
105,BT-0214-Y
105,BT-0223-1
105,BT-0507-1
105,BT-0507-5
105,PF0000001400
105,PF0000056412
105,PF2011090701
105,PF2011090804
105,PF4013
105,PF4014-2
105,PF501
105,PFERR0R-4
105,PFERROR6-1
105,PFERROR7
105,PK0000023456
800,777777-21
KAIN,1234
KAIN,1717
OPVT,6162003
VYP,RRC-001
KCCA,BRAD2
KCCA,RU-844
KCCA,RU-APP524
EHQ,12-20006
EHQ,12-20018
4,12-16
,98-3840
401,BT-0109-2
401,BT-0311-1
401,BT-0707-1
401,BT-0905-I
105,13-7010
105,13-8017
105,14-1001
105,14-BJ1
105,15-1243
105,15-12450
105,15-12465
105,15-1957
105,15-50025
105,15-7854
105,15-8
105,151006-BK
105,151209APP
105,16-945
105,17-3
105,RU-10
105,RU-100
105,RU-1000
105,RU-10162017
105,RU-10172019
105,RU-102
105,RU-1037
105,RU-10G
105,RU-11012017
105,RU-1112007
105,RU-11212019
105,RU-1132004
105,RU-1142017
105,RU-115
105,RU-1182005
105,RU-120420181
105,RU-12272016
105,RU-122720162
105,RU-1272021
105,RU-13
105,RU-15
105,RU-154664
105,RU-1552
105,RU-15549
105,CC-1021
105,CC-141516
105,CC-33
105,CC-341
105,CC-50
105,CC062001
105,CC14
105,CC48
105,DF1
105,DH-0206
105,EM-171110
722,777777-31
726,RU-867530
800,11-083103
800,11-090601
800,11-090602
800,11-113028
800,11-120134
800,11-120236
800,11-120237
800,11-1202372
800,11-120238
800,11-120739
800,11-121343
800,111222333444
800,12-011302
800,12-051501
800,13-070502
800,13-0813106-1
800,13-0814103
800,13-989898
800,777777-16
800,777777-18
105,18-19884
105,18-19886
105,18-2011
105,18-3741
105,19-7271
105,19-99999901
105,20-1003
105,20-10201
105,20-12311
105,20-12891
105,20-1299
105,20-1303
105,20-202001
105,20-2020135
105,20-2057
105,20-33
105,2003-7777-1
105,RU-4222004
105,RU-42420041
105,RU-4242221
105,RU-4282016
105,RU-44200816
105,RU-46337
105,RU-4720051
105,RU-5001
105,RU-5112018
105,RU-5162007
105,RU-5262016
616,18-77195
616,19-10993
616,19-2751
710,12-77778
714,123ABC
716,12-0012
716,14-99
105,TC-1
105,TCA-22
105,TD-100
105,TD-22
105,TD-29292
105,TD-3321
105,TD-344
105,01-102011
105,01-102014
105,03-3333
105,04-1124
105,04-30303
105,05-2222
105,05-3030
105,05-66060
105,05-700
105,05-702
105,05-704
105,05-705
105,05-707
105,05-708
105,05-709
105,05-712
105,05-770
105,05-790
105,05-890
105,05-9987
105,06-20120342
105,06-300
105,06-49494
105,06-915
105,07-100042
105,07-300042
105,07-400042
105,07-949490
105,07-TEST2
105,08-16032
105,08-BK08122
105,08-BK5556
105,09-6544
105,098908908
105,10-90101217
105,102013
105,10262004
105,10361702203
105,10361702205
105,10361702208
105,105-2231
105,11-080201
105,11-090802
105,11-100001
105,11-201109271
105,11-487653
105,11-BJEDIS1
105,12-118
105,12-121220
105,12-13344
105,12-37
105,12-42TESTING
105,12-93
105,122399
105,1229292
105,123456
105,123555
105,98-76
105,98-80
105,98-800
105,980121
105,ABC-11111
105,AC0000002929
105,AD-6
105,AD11
105,AD5
105,AD56
105,AD6
105,AD9
105,AE0000045641
105,AE0020210629
105,BK-011015
105,BK-151617
105,BK-1810
105,BK-20
105,BK-3259
105,BK-4052018
105,BK-55551APP
105,BK-7777
105,BK0000036211
105,BT-0611-4
105,BT-1209-6
105,BT-121-C1
105,BT-1210-2
105,BT-NEW-B
105,BT-NEW-C
105,BT99110101
105,CBC-09
105,CC-041914
105,CC-041916
105,CC-0423-06
105,CC-043001
105,CC-0530
105,CC-061913
105,CC-0701
105,QW0000001223
105,QW0000012121
105,QW0000019191
105,RC-1
105,RC-2
105,RRC-001
105,RRC-006
105,RRC-10348A
105,RRC-10348E
105,RRC-108C
105,RRC-1133
105,RRC-11944C
105,RRC-12813-C
105,RRC-13873-A
105,RRC-14349A
105,RRC-14509B
105,RRC-14754-A
105,RRC-14890-A
105,RRC-15095A
105,RRC-165A
105,RRC-26508-A
105,RRC-DNA-115B
105,RU-0010001
105,RU-02-09-15
105,RU-16
105,RU-170763
105,RU-18120191
105,RU-2004712
105,RU-20050118
105,RU-20167426
105,RU-2042016
105,RU-212005
105,RU-2202020
105,RU-23
105,RU-2402
105,RU-2610
105,RU-28
105,RU-3042022
105,RU-31102
105,RU-31120051
105,RU-3112019
105,RU-3312022
105,RU0000012333
105,RU0011520192
105,RU6
105,RU_901
105,RY-8952998GG
105,ST-13000
105,ST-14000
105,ST-3
105,ST123
105,TA244
105,TAC-2
105,TAC-24
105,TD-9191
105,TD0000000300
105,TDF-22020
105,TYC-22
105,V12
105,VT0000031915
105,X9
105,XX
105,YCJA-12
105,YCJA-38
105,YCJA-42
C402,985003
C402,NV0216
C104,RY-784378XY
C303,777777-33
C303,777777-8
201,2011-08171
203,JR-1007
KELO,1234
KELO,7740
KELO,98-1000
KELO,999123
KELO,KJA2
401,2001-67126-2
401,2001-67126_1
401,2002-121212E
401,2002-121212J
401,2002-131313G
401,2002-141414A
401,2002-151515D
401,2003-333333
401,34848
401,777777-13
401,97-1-12121
401,98-2
401,9812345
401,ABC123
401,ACC-3
401,BT-1022-1
401,BT-119-3
401,BT-121-1
401,BT-1229-1
401,BT-305
401,BT-92601-1
401,BT-TEMP
401,BT-TEST-1
401,BT0000010302
401,BT_3_DEVB
401,CC-1000
401,CC062003
401,RP-1005
401,RU-12544
401,RU-20210409
NIDD,97-063
NIDD,97-100802
NIDD,97-3-1000
NIDD,97-300343
NIDD,97-300433
NIDD,97-300613
NIDD,97GH-234
NIDD,97GH234
NIDD,98-001
NIDD,98-009
NIDD,98-0101
NIDD,98-02162
NIDD,98-02171
NIDD,98-0301
NIDD,98-0421
NIDD,98-123
NIDD,98-1234
NIDD,98-15679
NIDD,98-3001
NIDD,98-313064
NIDD,98-313065
NIDD,98-313068
NIDD,98-313306
NIDD,98-313310
NIDD,98-313325
NIDD,98-313330
NIDD,98-313332
NIDD,98-34251
NIDD,98-344324
NIDD,98-525041
NIDD,98-525068
NIDD,98-525070
NIDD,98-525080
NIDD,98-525107
NIDD,98-525304
NIDD,98-71
NIDD,98-902040
NIDD,98-98765
NIDD,98-D525030
NIDD,98-MP253SD
NIDD,98-RONB
NIDD,9875
NIDD,98CQ001
NIDD,98CQ004
NIDD,98CQ005
NIDD,98CQ005YY
NIDD,98CQ010
NIDD,990429
NIDD,999-0101
NIDD,ARW-2003
NIDD,ARW-709
NIDD,BT0108-1A
NIDD,BT0226-1
NIDD,BT0226-12
NIDD,BUGS-KELOWNA
NIDD,CC-01
NIDD,CC-08
NIDD,CC9919
NIDD,DH-32
NIDD,FJADS;LFJADS
NIDD,GG98-125
NIDD,GG98-302
NIDD,JG-0129
NIDD,JG105
NIDD,JG11
NIDD,JG114
NIDD,JPJ02
NIDD,JPJ05
NIDD,JPJ1106
NIDD,JR-101
NIDD,JR-99
NIDD,LN1076
NIDD,LN98-49
NIDD,LN98-ABC
NIDD,MNP-DELETE2
NIDD,MNP98-87
NIDD,MNP98-89
NIDD,MPJP1102
NIDD,RA-0323E
NIDD,RA-0501A-2
NIDD,RA-30439
NIDD,RA-33545
NIDD,RA-3400
NIDD,RBA-0327C
NIDD,RBA-0401
NIDD,RD-2
NIDD,RD-4321-01
NIDD,RD-887766
NIDD,RD-9876
NIDD,RD-IMPAIRED
NIDD,RRC-011
NIDD,RRC-12583A
NIDD,RY-12101
NIDD,RY-2YM
NIDD,RY-34083
NIDD,RY-345908
NIDD,RY-3469834
NIDD,RY-34789
NIDD,RY-348
NIDD,RY-348348
NIDD,RY-348538489
NIDD,RY-34857348
NIDD,RY-348753
NIDD,RY-348755
NIDD,RY-348756
NIDD,RY-34877834
NIDD,RY-348783
NIDD,RY-348838
NIDD,RY-348973488
NIDD,RY-348975374
NIDD,RY-3495349
NIDD,RY-40013
NIDD,RY-43095483R
NIDD,RY-4393948
NIDD,RY-4395
NIDD,RY-45098645
NIDD,RY-45454
NIDD,RY-4545645
NIDD,RY-45764
NIDD,RY-459685
NIDD,RY-5499Y
NIDD,RY-563563W
NIDD,RY-5683R
NIDD,RY-5898309
NIDD,RY-5978
NIDD,RY-598
NIDD,RY-675885
NIDD,RY-6896
NIDD,RY-76786
NIDD,RY-834783
NIDD,RY-85
NIDD,RY-8758587
NIDD,RY-8865
NIDD,RY-92349
NIDD,RY-APP11
NIDD,RY-APP8
NIDD,RY-MERGE10
NIDD,RY-MERGE11
NIDD,RY-SUB2
NIDD,RY-VA-SEC9
NIDD,TA-4
NIDD,TAD-103
NIDD,TAD-503
NIDD,TD-05
NIDD,TD-134
NIDD,TD-300
NIDD,TD-339
NIDD,TD-344
NIDD,TD-345
NIDD,TD-351
NIDD,TD-3550
NIDD,TD-383
NIDD,TD-567
NIDD,TD-58
NIDD,TD-600
NIDD,TD-790
NIDD,TD-809
NIDD,TD-89
NIDD,TD-891
NIDD,TD-901
NIDD,THM001
NIDD,TP-0421
NIDD,TP55645
NIDD,TP55646
NIDD,TSS010
NIDD,TSS0222
NIDD,TST4004
NIDD,VA-1
NIDD,VA-20
NIDD,VA98-3051
NIDD,VC98-65432
NIDD,VLA-00666
NIDD,VLA-0309
NIDD,VLA-0405
NIDD,VLA-044
NIDD,VLA-066
NIDD,VLA0010
NIDD,VLA0044
NIDD,VLA0055
LECC,96CQ-44765B
LECC,98-333304
LECC,98-333306
LECC,98-333313
LECC,98-42798
LECC,98-444412
LECC,98-444419
LECC,98765
LECC,BS-98050101
LECC,BS-98050103
LECC,DD98-88888
LECC,DH-04
LECC,DH-11
LECC,DH-1112
LECC,DH-98-01
LECC,FISHDD98-01
LECC,GG98-1234
LECC,JG1
LECC,JJ98-168
LECC,JJ98-25
LECC,JS98-3088
LECC,RA-2003
LECC,SS6789
LECC,TAD-1
LECC,TAD-3340
LECC,TAD-3390
LECC,TAD-4404
LECC,TAD-880
LECC,TAD-900
LECC,TD-331
LECC,TD-90
LECC,VA98-100101
LECC,VA98-10293
402,BT-922-2
402,EV3334
402,EV670015
402,EV670100
402,EV670301
402,EZ1001111
402,EZ6000009
402,EZ6000010
403,06-14867
403,2004-1000
407,EZ2008238
407,EZ2008239
408,14741
408,14742
408,48041
408,NORMAL
408,RU-1272020
408,RU-20127202
412,2002-6517
412,2002-9001
412,2002-9044-1
606,18-2740
606,18-2741
606,18-7765
606,19-2742
105,2011-07B
105,2011-0802
105,2011-0811
105,2011-0823
105,2011-0926
105,201210
105,2017-1998
105,201707
105,21-1520
105,21-1530
105,21-98374
105,234213423234
105,303089
105,304440
105,31915
105,3353312
105,3393939
105,3404
105,393939
105,40404
105,4112001
105,456456
105,5626256
105,61420001
105,885544
105,888123
105,9316B
105,97-2204
105,98-1234K
105,98-2345
105,98-62
105,98-66
105,98-74
105,98-750
105,RU-5814
105,RU-6
105,RU-6000
105,RU-60002222
105,RU-60921
105,RU-61320181
105,RU-654556
105,RU-6820051
105,RU-7000
105,RU-8152017-1
105,RU-842016
105,RU-8420162
105,RU-8420166
105,RU-84393
105,RU-8587
105,RU-91
105,RU-9262006
105,RU-99192016
105,RU0000001008
105,RU0000006000
KELO,PF4000-4
KELO,PF4008-1
KELO,RU-30320221
KELO,VM3242
802C,PF-6598
802C,PF-992145
802C,WK98-504
6012,6011-2
401,05-3002
401,06-14868
401,11-1697
401,11-1714
401,11-1715
401,12-004002
401,12-12011
401,12-123175
105,JR-10019
105,JR-11
105,JR-12
105,JR-123
105,JR-1505
105,JR-20121101
105,JR-2506
105,JR201203
105,KE0000000002
105,KEL666
105,KE_C12
105,KE_C13
105,KE_C15
105,LB-1234
105,LB-321
105,LB12345
105,M0000000034
105,MC-100
105,ML-2306161
105,MM-44123
105,NV-980220
105,PF-4030
105,PF-4035
105,PF-5001
105,PF-85002
105,PF-ERROR2
105,PF-ERROR3
105,PF-OIC14-1
105,2006D
105,2010060701
105,201008181
105,201008207
105,20101108
105,2011-07143
105,2011-07172
401,12-3
401,12-3519
401,12-439
401,13-070301
401,13-070304
401,154154
401,16-23456
401,18-1780
401,2001-111791B
LECC,WK98-607
822,5
104,94-3051
210,13-8018
210,19-109
210,20121104
210,BK-3260
210,JR-1017
210,JR-1102
402,05-100
402,10-90101221
121,JR-1004
121,JR-1021
121,JR-19102
121,JR-5020
121,JR-5022
121,JR-5031
121,JR-5096
121,JR-6000
121,JR-6034
121,JR-6037BOTH
121,JR-6052
121,JR-6061
C402,201011082
C402,980707
NIDD,04-3215
NIDD,0JAN020134
NIDD,0JUL041234
NIDD,0JUN01234
NIDD,1234-Y
NIDD,2000-0003
NIDD,2000-0005
NIDD,2004-1
NIDD,2004-12345
NIDD,47-6545
NIDD,637213414
105,BK0000234234
105,BK191YTH
105,BK202022
105,BK9996
105,BS-111
105,BS-117
105,BT-01091
105,BT-0118-1
105,BT-0123B
105,BT-0307-1
105,BT-0426-1
105,PF0000001401
105,PF0000065233
105,PF0000224455
105,PF20110811
105,PF2011091201
KAIN,1
KAIN,1234567
KAIN,2004030411
VYP,BRAD1
KCCA,RU-1
KCCA,RU-ALLIGATIO
KCCA,RU-APPL4-1
,BK-3260APP
401,ARW-101
401,BT-0104-1
401,BT-0110-2
401,BT-0114-1
401,BT-0116-1
401,BT-0116-2
401,BT-0116-3
401,BT-0117-4
401,BT-0117-5
401,BT-0131-1
401,BT-0213-1
401,BT-0305-1
401,BT-0617-1
401,BT-0716-1
401,BT-0820-1
401,BT-0820-2
401,BT-0823-1
401,BT-0905-3
401,BT-0910-1
105,13-1003
105,13-7030
105,14-123123
105,14-BJ35201
105,15-1959
105,15-20111
105,15-20125
105,15-24
105,15-35
105,15-43
105,15-44213
105,15-7
105,15-7257
105,16-100298
105,16-100299
105,16-1353
105,16-9481
105,16-951
105,17-129017
105,17-2765
105,RU-102320177
105,RU-10232019
105,RU-1092022
105,RU-11052004
105,RU-1117
105,RU-11202017
105,RU-11220221
105,RU-11223
105,RU-12152006
105,RU-12345
105,RU-12601
105,RU-1282008
105,RU-1372
105,RU-140000000
105,RU-15548
105,CC-1010
105,CC-1020
105,CC-121901
105,CC-190
105,CC-23
105,CC-340
105,CC0100
105,CC1127
105,CC12
105,CC13
105,CC88
105,CC90
105,CC91
105,DH-3105
105,DH-5567
105,EM-2010-TST
105,ET0020190101
105,IOUOIIOIUO
722,ST4508232
726,12-113809
800,11-090605
800,11-100002
800,11-100007
800,11-113025
800,11-120130
800,11-120740
800,12-6666
800,13-0813107-1
800,20-2321
105,171010BK
105,18-1098
105,18-1205
105,18-300095
105,18-3738
105,18-3739
105,18-3740
105,19-10021
105,19-1824
105,19-1842
105,19-7895
105,19-8295
105,20-04001
105,20-1001
105,20-10200
105,20-1110
105,20-12889
105,20-5132020
105,2003-2010
105,RU-44
105,RU-44200820
105,RU-4420089
105,RU-444
105,RU-445567
105,RU-445567-1
105,RU-5002
105,RU-5466
105,RU-5488
616,18-99107
620,98-0011
620,RU0000001000
710,RU-654654
711,POCO-102030
711,RU-9202104
716,12-121
716,12-1341
105,TAD-200
105,TAD-300
105,TAS-222
105,TAS-29
105,TC-300
105,TD-0202
105,TD-10111
105,TD-2230
105,TD-2233
105,TD-230
105,TD-2300
105,TD-233939
105,TD-29229
105,TD-292929
105,TD-299
105,TD-333
105,TD-33491
101,JR-1002
105,0000888555
105,01-2001
105,02-15
105,03-0243
105,03-282003
105,05-2220
105,05-330
105,05-6665
105,05-706
105,05-99
105,053002
105,06-2210
105,06-50505
105,06-5550
105,06-8652
105,06-8821
105,06-9000
105,07-100412
105,07-9002
105,08-0616
105,08-16033
105,08-16034
105,08-2131
105,08-BK08121
105,09-6433
105,10361702202
105,10361702207
105,1080502
105,11-20110929
105,11-270920112
105,114125
105,12-13345
105,12-221
105,12-35
105,12-39
105,12121212
105,1234X
105,1235
105,123546
105,1235551
105,98-888
105,984567
105,9890890809
105,AB0000012345
105,ABCXXX-1010
105,ABCXXX-777
105,AC0000012230
105,AD
105,AD-524
105,AD-525
105,AD2
105,AD256
105,AD7
105,AE0000000500
105,AE0000007200
105,AE0000282003
105,ARW-4321
105,BK-3259APP
105,BK-3333
105,BK-91011
105,BK-989897
105,BK-CRN01
105,BK0000001234
105,BK0000006793
105,BT-0611-5
105,BT-1210-5
105,BT-NEW-3
105,CC-02
105,CC-04102006
105,CC-041904
105,CC-041905
105,CC-041913
105,CC-0423-02
105,CC-0528
105,CC-0607
105,CC-061102
105,CC-061103
105,CC-061801
105,CC-061818
105,CC-0619
105,CC-061902
105,CC-061903
105,CC-061904
105,CC-061906
105,CC-061912
105,R-1102005
105,RA-3503
105,RC-5
105,RC0001377901
105,RJ0000001000
105,RRC-005
105,RRC-0108C
105,RRC-10001
105,RRC-1122
105,RRC-12813
105,RRC-13385-B
105,RRC-14124A
105,RRC-14349B
105,RRC-14509A
105,RRC-165B
105,RRC-6139B
105,RRC-6139F
105,RRC-DNA-115E
105,RRC_801121
105,RU-05062020
105,RU-05112020
105,RU-16092017
105,RU-20051
105,RU-201131
105,RU-20210203
105,RU-203
105,RU-2032021
105,RU-21
105,RU-2132
105,RU-25
105,RU-252
105,RU-27001-APP
105,RU-29
105,RU-3072021
105,RU-31012017
105,RU-3102004
105,RU-3122021
105,RU-3182021
105,RU-3222005
105,RU-4032020
105,RU-4092021
105,RU-414NOT
105,RU0000010223
105,RU0000888555
105,RU0003272007
105,RU0006000111
105,RU0006242004
105,RU0009122006
105,RU0009142006
105,RU0010312017
105,RU050505050
105,RU1342016
105,RU5
105,RU5225
105,SFU-1
105,SOR-1
105,SS-0312
105,SS980708
105,ST-01
105,ST-04
105,ST-321
105,ST-5000
105,ST-7000
105,SYD-1
105,TAC-12
105,TAC-23
105,TD-3939
105,TD-46
105,TD-750
105,TD-7878
105,TD-90
105,TD-9920
105,TD-9989
105,TSH-001
105,UR-7142004
105,X1
105,X2
105,X6
105,XXXX
105,YCJA-10
105,YCJA-17
105,YCJA-31
105,YCJA-9
105,YCJA-91
C402,985005
C402,985088
C402,NV-98021105
C402,RA-3
C504,4964611
C105,95-37847
C303,666666-1
C303,777777-1
C311,777777-34
203,988
204,98-81102
KELO,2004-1000
KELO,22-24541
KELO,22432
KELO,545641
KELO,876222
KELO,98-VA-001
KELO,A0972
KELO,BK-5679
KELO,BT-0214-PBY
KELO,DEC10-EM3
401,2001-147225G
401,2001-151712A
401,2001-151712B
401,2002-121212A
401,2002-121212M
401,2002-161616B
401,2002-161616C
401,2002-161616D
401,2002-999992
401,2003-01211
401,2004-1234
401,201007161
401,4564148
401,981234
401,A1
401,AD1
401,AD2
401,AD3
401,BT-0914-24
401,BT-0925-1
401,BT-11062
401,BT-119-2
401,BT-1209-6
401,BT-12345
401,BT-214-3
401,BT-COPY-1
401,BT_2_DEVB
401,CC062002
401,D4
401,D7
401,FEDAGENT-2
401,RCC-10805B
401,RRC-15141D
401,RU-17
401,RU0000001000
401,TD-07
401,UIOUOIUO
NIDD,96-3-41434
NIDD,96-43174
NIDD,96-5602
NIDD,97-3-2067
NIDD,97-3-46729
NIDD,97-300213
NIDD,97-300533
NIDD,97-300623
NIDD,97-300823
NIDD,98-00004
NIDD,98-0022
NIDD,98-01
NIDD,98-031012
NIDD,98-040820
NIDD,98-0974
NIDD,98-313059
NIDD,98-313060
NIDD,98-313066
NIDD,98-313072
NIDD,98-313080
NIDD,98-313089
NIDD,98-313092
NIDD,98-313314
NIDD,98-313320
NIDD,98-313324
NIDD,98-313327
NIDD,98-313329
NIDD,98-313339
NIDD,98-331331
NIDD,98-3746
NIDD,98-4444
NIDD,98-45567
NIDD,98-525010
NIDD,98-525030
NIDD,98-525113
NIDD,98-525122
NIDD,98-525125
NIDD,98-52516
NIDD,98-52522
NIDD,98-54376
NIDD,98-72
NIDD,98-7525
NIDD,98-78
NIDD,98-876
NIDD,98-981
NIDD,98-LJL
NIDD,98-MPFINAL
NIDD,98-RIPPLECHK
NIDD,98-THEFT01
NIDD,98CQ008
NIDD,99-000
NIDD,AE0000001002
NIDD,ARW-1001
NIDD,ARW-2004
NIDD,ARW-76765
NIDD,BK-88888
NIDD,BK-989898
NIDD,BS98-040701
NIDD,BT0107-3
NIDD,BT0107C
NIDD,BT0107F
NIDD,BT0107H
NIDD,BT0108-S
NIDD,BT0108-T
NIDD,BT0108A
NIDD,BT0226-11
NIDD,BT0226-3
NIDD,BT0226-8
NIDD,BT0226-9
NIDD,BT0303-2
NIDD,BT0305-1
NIDD,BT0324-3
NIDD,BT102
NIDD,CSO-003
NIDD,DH-0155
NIDD,DH-099
NIDD,DH-1237
NIDD,DH-27
NIDD,DH-28
NIDD,DH-29
NIDD,DH-30
NIDD,GG98-107
NIDD,GG98-110
NIDD,GG98-339
NIDD,GG98-357
NIDD,GH100
NIDD,GH97-137
NIDD,GH97-140
NIDD,GH97-146
NIDD,GH97-148
NIDD,GH97-169
NIDD,GH98-132
NIDD,JG1
NIDD,JG201
NIDD,JP97-117
NIDD,JP97-82
NIDD,JP98CQ45
NIDD,JPJ01
NIDD,JPJ1104
NIDD,KT-22222
NIDD,LN1099
NIDD,MP-IMPAIRED
NIDD,MP98-159
NIDD,RA-0320
NIDD,RA-0323
NIDD,RA-0403B
NIDD,RA-1001
NIDD,RA-1003
NIDD,RA-3700
NIDD,RBA-0331C
NIDD,RD-4321
NIDD,RRC-15141C
NIDD,RY-0110009
NIDD,RY-2348
NIDD,RY-23486
NIDD,RY-345739
NIDD,RY-34583
NIDD,RY-345873789
NIDD,RY-348A
NIDD,RY-349348
NIDD,RY-3495834
NIDD,RY-3497349
NIDD,RY-34979
NIDD,RY-349878
NIDD,RY-36973
NIDD,RY-39489
NIDD,RY-40023
NIDD,RY-4003
NIDD,RY-4004
NIDD,RY-43287348
NIDD,RY-4387578
NIDD,RY-43979
NIDD,RY-45536
NIDD,RY-45988JI9
NIDD,RY-468934
NIDD,RY-565645AS
NIDD,RY-56586476T
NIDD,RY-569838DF
NIDD,RY-5934978R
NIDD,RY-59797
NIDD,RY-598B
NIDD,RY-6776
NIDD,RY-67856
NIDD,RY-6801
NIDD,RY-68090
NIDD,RY-79349
NIDD,RY-86875787
NIDD,RY-92798RT
NIDD,RY-9343YRT
NIDD,RY-945
NIDD,RY-APP101
NIDD,RY-APP12
NIDD,RY-APP18
NIDD,RY-APP3
NIDD,RY-CP2002
NIDD,RY-SUB39Q
NIDD,RY-WIT-NOTI
NIDD,TA-1
NIDD,TA-2
NIDD,TAD-01
NIDD,TAD-21
NIDD,TAD-22
NIDD,TAD-304
NIDD,TAD-501
NIDD,TD-191
NIDD,TD-3489
NIDD,TD-3490
NIDD,TD-39
NIDD,TD-421
NIDD,TD-53
NIDD,TD-54
NIDD,TD-59
NIDD,TD-7800
NIDD,TD-866
NIDD,TD-908
NIDD,TD-909
NIDD,TEST-0505
NIDD,TP-04223
NIDD,TSS006
NIDD,VA-988994
NIDD,VC98-516
NIDD,VLA-0097
NIDD,VLA-01
NIDD,VLA-0202
NIDD,VLA-980908
NIDD,WILL-3
LECC,111
LECC,8
LECC,97-00001-11
LECC,97-1-12345
LECC,97-300523
LECC,97-95073
LECC,98-00031
LECC,98-575
LECC,98WK-510
LECC,DD98-171
LECC,DH-14
LECC,GG98-312
LECC,JJ98-148
LECC,JJ98-165
LECC,JJ98-304
LECC,JS97-318
LECC,JS98-300
LECC,RA-0423C
LECC,RA-2005
LECC,RY-784378C
LECC,TAD-115
LECC,TAD-12000
LECC,TAD-134
LECC,TAD-339
LECC,TAD-99
LECC,TD-321
LECC,TD-87
LECC,VA98-602
402,EV2801
402,EV8000007
402,EZ1006816
402,PF506
407,ST4508232
408,202-115
408,25852
408,97-8365
408,LOCKW
408,RU-10262020
408,SUBTEST
412,2001-9003
412,2002-9001-BT
606,18-88120
606,19-2747
105,2011-0910
105,2011-1004A
105,2011-1026
105,201107073
105,20120504PO
105,20150630-K
105,21-2001
105,21-20211017
105,22-0000
105,22-0011
105,24-2
105,25-3
105,30.0001
105,300-200
105,3000-20010
105,30302021
105,3077
105,345876
105,39399
105,44848
105,45959
105,54321
105,555858
105,666666
105,858483
105,8887
105,9316C
105,97-023
105,98-089
105,98-300
105,98-6542
105,98-69
105,RU-55
105,RU-552
105,RU-60001116
105,RU-600012
105,RU-6102021
105,RU-6152004
105,RU-6152021
105,RU-6192019
105,RU-6242016
105,RU-6242019
105,RU-62920161
105,RU-7192006
105,RU-762017
105,RU-82449
105,RU-84392
105,RU-84931
105,RU-8585
105,RU-9222003
105,RU-9222020
105,RU-9272006
105,RU0000000100
105,RU0000001003
105,RU0000002000
105,RU0000002004
105,RU0000006003
KELO,RU-1-1
KELO,RU-101-524
KELO,RU-1023-1
KELO,RU-2005
KELO,RU-223312
KELO,RU-8844
KELO,VM-733-1
6012,BT0108-P
5971,RY-784378CC
OTH,RU-1
401,06-14867
401,06-14869
401,06-14872
401,11-010101
401,11-1718
105,JR-1234
105,JR-124
105,JR-15
105,JR-9
105,JR0020090321
105,JR1001
105,KE_C1
105,KR3435
105,LB-112233
105,LB-4321
105,MM-88
105,PF-4007
105,PF-4008
105,PF-4010
105,PF-4019
105,PF-4020
105,PF-4026
105,PF-4027
105,PF-4040
105,PF-ERROR3-1
105,PF-OIC11-1
105,PF-OIC12-1
105,PF-OIC15-1
105,201007201
105,201007271
105,201008196
105,2011-0714
105,2011-0715
105,2011-0718
105,2011-07191
401,12-231112
401,12-3119
401,12-401AAAAA
401,12-58
401,18-1091
401,18-98767
401,19-86678
401,19-99999902
401,2001-111791C
401,2001-111791J
401,2001-111791K
401,2001-134215A
401,2001-134215B
401,2001-134215E
401,2001-134215F
401,2001-134215G
401,2001-147225
LECC,WK98-511
206,JR-1012
210,18-77686
210,18-997765
210,19-100
210,19-8881
210,20-701
210,JR-1018
215,JR-1104
402,10-90101224
402,11-090611
402,12-0025
402,13-22152
109,98-97595
121,JR-1024
121,JR-1026
121,JR-6008
121,JR-6014
121,JR-6026
121,JR-6043
121,JR-6055
121,JR-6057
C402,98-102
C402,980211
F102,978910
NIDD,04-12345
NIDD,0JUL01234
NIDD,0JUL021234
NIDD,0JUN021234
NIDD,0NOV01234
NIDD,105-4356
NIDD,54-12345
NIDD,55-654
NIDD,745-555
NIDD,95-1-65416
105,BK0020160307
105,BK123123
105,BK190YTH
105,BK888
105,BT-0123C
105,BT-0214-A
105,BT-0503-3
105,PF-OIC4-1
105,PF0000009999
105,PF2011091901
105,PF20110930
105,PF201109302
105,PF20111222
105,PF20120113
105,PF4014
105,PF504
105,PFERROR5
105,PFERROR6
105,PG201112212
105,QQ0000001212
800,RU-2082018
KAIN,RU-2
KCCA,20-420201
KCCA,RU-1-1
EHQ,12-20007
401,ARW-001
401,BT-0110-1
401,BT-0117-2
401,BT-0117-3
401,BT-0321-1
401,BT-0722-1
401,BT-0820-1A
401,BT-0905-3A
401,BT-0905-H
401,BT-0908-1
401,BT-0911-1
105,13-1002
105,13-1004
105,13-7021
105,13-7023
105,13-7024
105,14-2015
105,14-332244
105,14-5005
105,15-10051
105,15-12453
105,15-12459
105,15-12460
105,15-25
105,15-38
105,15-50001
105,15-6002
105,15-6090
105,15-7888
105,16-11889
105,16-8833
105,17-1
105,17-201888
105,RU-1
105,RU-10122004
105,RU-10162017B
105,RU-10232017
105,RU-10252005
105,RU-102620172
105,RU-10312017
105,RU-105
105,RU-11
105,RU-110120175
105,RU-11121
105,RU-111320202
105,RU-11212020
105,RU-1122004
105,RU-1122022
105,RU-116
105,RU-1231
105,RU-1520213
105,CC-1211
105,CC-123411
105,CC-200
105,CC-30
105,CC-34
105,CC0000001001
105,CC800
105,DH-0222
105,EM-2010
105,EM-2010-TEST
105,EV0000002801
105,EZ0000878787
105,EZ0004514551
719,RU-44444
800,12-013013
800,13-0813101
800,13-0813102
800,13-0813111
105,18-1209
105,18-1212
105,18-19887
105,18-3737
105,18-412
105,19-1830
105,19-20191208
105,19-7273
105,20-04002
105,20-10017
105,20-1122
105,20-1237
105,20-201922
105,200-1
105,2003-0107
105,RU-42422
105,RU-424222
105,RU-4420081
105,RU-44200817
105,RU-44200819
105,RU-4425
105,RU-482005
105,RU-5092016
105,RU-5142004
105,RU-5465461
105,RU-5468
616,18-99106
616,19-10991
703,12-8132
713,96-5250106
716,12-118
716,12-121220
716,12-19
716,12-3
105,TAD-22
105,TAD-220
105,TAD-909
105,TD-1200
105,TD-23
105,TD-33939
105,TD-34459
105,00-80920001
105,01-102012
105,01-22020
105,01030298
105,02-10
105,05-060708
105,05-200
105,05-211010
105,05-228
105,05-33030
105,05-56789
105,05-650
105,05-703
105,05-777
105,05-885
105,05-990
105,06-132661
105,06-2929
105,06-3445
105,06-39393
105,06-666
105,06-900
105,07-800042
105,07-900042
105,08-29292
105,08-BK5555
105,09-151209APP
105,09-2455
105,10-20101233
105,10-20101238
105,10-BJEJS2
105,10361702204
105,10361702206
105,10361702221
105,105-3323
105,11-5464
105,11-5464-1
105,11-824
105,11-987613
105,1122333
105,12-13341
105,12-13343
105,12-13347
105,12-201
105,12-219
105,12-402XXX
105,12-68
105,12-701
105,12-72
105,12-89
105,12-92
105,980116
105,A0000335332
105,A098
105,ABCXXX-000
105,ABCXXX-11111
105,AC0000002000
105,AD257
105,AD89
105,AE0012965323
105,AQ0000000100
105,BK-04052018
105,BK-080818
105,BK-250800
105,BK-300915
105,BK-3331
105,BK-565656
105,BK-565657
105,BK-67670
105,BK-989898
105,BK0000006791
105,BT-0612-1
105,BT-1022-1A
105,BT-1209-2
105,BT-1210-3
105,BT-1210-6
105,BT-1211-2
105,BT0505-1
105,C0000044123
105,CBC-01
105,CC-041903
105,CC-041910
105,CC-06-11
105,CC-060701
105,CC-061804
105,CC-061806
105,CC-061816
105,CC-061817
105,CC-061821
105,CC-061826
105,CC-061901
105,CC-061905
105,CC-061914
105,CC-061915
105,QW0000191919
105,R31120191
105,RA-101
105,RA-3501
105,RRC-0108D
105,RRC-10348G
105,RRC-10805A
105,RRC-11733-01
105,RRC-11944B
105,RRC-13164A
105,RRC-15141A
105,RRC-36508-B
105,RRC-46974A
105,RRC-6139A
105,RU-0
105,RU-001
105,RU-019999
105,RU-020820181
105,RU-02102020
105,RU-08061
105,RU-0990
105,RU-20
105,RU-20061229
105,RU-2011
105,RU-20111
105,RU-201131APP
105,RU-20210610
105,RU-2142019
105,RU-220100
105,RU-222654654
105,RU-223312
105,RU-251
105,RU-262
105,RU-3007
105,RU-3152022
105,RU-34343434
105,RU-413200
105,RU-4192021
105,RU0001120191
105,RU0003152022
105,RU0009192016
105,RU1
105,RU2001
105,SG-1
105,SS99-322
105,ST-10000
105,ST-11
105,ST-14
105,ST-15000
105,ST-16
105,ST-19
105,ST-200
105,ST-54321
105,ST-5678
105,TA-777
105,TAC-4
105,TAC-5
105,TAC-90
105,TD-390
105,TD-39339
105,TD-451
105,TD-4545
105,TD-9999
105,TD0000000100
105,VM12-144
105,XX-22
105,YCJA-14
105,YCJA-34
105,YCJA-6
105,YCJA-78
105,YYJ-998
C402,99-1234
C402,999
C402,NV-980211
C402,PF2011090705
C402,RA-105
C402,RA-3502
C104,RY-784378XX
C303,19878222
C303,777777-3
201,053002
100,RRC-006
KELO,11511
KELO,16-45646
KELO,16-881231
KELO,17-888
KELO,33445
KELO,454511
KELO,55553-1
KELO,98-1223345B2
KELO,A098
KELO,BT-0209
KELO,BT-0312-1
401,2001-147225H
401,2001-151310
401,2001-151310B
401,2002-121212B
401,2002-121212G
401,2002-131313C
401,2002-131313H
401,2002-141414B
401,2002-161616A
401,201007163
401,20110714
401,2334
401,4550
401,48014
401,777777-11
401,777777-14
401,AE01188839
401,BT-0914-1
401,BT-0914-22
401,BT-0917-3
401,BT-0924-1
401,BT-1023-1
401,BT-1023-2
401,BT-1023-3
401,BT-1119-2
401,BT-210-1
401,BT-218-2
401,BT-218-3
401,BT_1_DEVB
401,CC062005
401,CC062102
401,CC3000
401,D2
401,D3
401,EZ6000001
401,RU-TESTCLO
401,UI9
NIDD,96-560143
NIDD,97-01-31028
NIDD,97-1-31029
NIDD,97-300123
NIDD,97-300133
NIDD,97-300223
NIDD,97-300513
NIDD,97-300523
NIDD,97-89 998
NIDD,97CQ-33209
NIDD,98-008
NIDD,98-01234
NIDD,98-02051
NIDD,98-02168
NIDD,98-050811
NIDD,98-05251
NIDD,98-098
NIDD,98-2004
NIDD,98-3-28574
NIDD,98-313058
NIDD,98-313062
NIDD,98-313063
NIDD,98-313078
NIDD,98-313079
NIDD,98-313083
NIDD,98-313086
NIDD,98-313090
NIDD,98-313323
NIDD,98-313340
NIDD,98-34559
NIDD,98-40498
NIDD,98-45568
NIDD,98-525100
NIDD,98-525101
NIDD,98-525106
NIDD,98-525126
NIDD,98-525127
NIDD,98-525131
NIDD,98-52520
NIDD,98-525303
NIDD,98-525305
NIDD,98-525309
NIDD,98-546985
NIDD,98-73
NIDD,98-87578
NIDD,98-902041
NIDD,98-MP253
NIDD,98-RCMP01
NIDD,98012345
NIDD,98313326
NIDD,9834567
NIDD,98CQ003
NIDD,98JPJ1006
NIDD,ARW-1002
NIDD,ARW-1234
NIDD,ARW-1456
NIDD,ARW-2002
NIDD,ARW-711
NIDD,BS-98050402
NIDD,BT0217-4
NIDD,BT0219-1
NIDD,BT0222-1
NIDD,BT0301-1
NIDD,BT0302-1
NIDD,BT0308B
NIDD,BT0324-2
NIDD,BT0419-1
NIDD,BT0423-1
NIDD,BT0608-3
NIDD,BT100
NIDD,BT101
NIDD,CC-05
NIDD,CC-11
NIDD,CC-13
NIDD,CSO-001
NIDD,DH-26
NIDD,DH-77
NIDD,DH-77Y
NIDD,GG98-108
NIDD,GG98-134
NIDD,GG98-321
NIDD,GH97-144
NIDD,ITSD98-003
NIDD,JG1234
NIDD,JG20
NIDD,JP1102
NIDD,JP97-76
NIDD,JP97-84
NIDD,JP98-32733
NIDD,JPJ08
NIDD,JPJ301098
NIDD,JR-100
NIDD,JR1000
NIDD,LN98-1087
NIDD,LN98-19
NIDD,LTC-H646346
NIDD,MP98-124
NIDD,MP98-127
NIDD,MPCOPYALL
NIDD,RA-0323C
NIDD,RA-0323D
NIDD,RA-0324
NIDD,RA-0325A
NIDD,RA-0327C
NIDD,RA-0401A
NIDD,RA-0401B
NIDD,RA-10011
NIDD,RA-7001
NIDD,RAY69
NIDD,RBA-0403A
NIDD,RD-4322Y
NIDD,RRC-001
NIDD,RY-0011001A
NIDD,RY-0011223
NIDD,RY-008785
NIDD,RY-01100090
NIDD,RY-1
NIDD,RY-1998877
NIDD,RY-23868
NIDD,RY-340689U38
NIDD,RY-345345345
NIDD,RY-3457354
NIDD,RY-34574358
NIDD,RY-3476
NIDD,RY-3489894
NIDD,RY-34957839
NIDD,RY-34959
NIDD,RY-3496834
NIDD,RY-3497
NIDD,RY-3498
NIDD,RY-3953948
NIDD,RY-3980
NIDD,RY-423597
NIDD,RY-435809ER
NIDD,RY-4359
NIDD,RY-43756
NIDD,RY-439
NIDD,RY-4390863
NIDD,RY-4440B
NIDD,RY-457645
NIDD,RY-459872
NIDD,RY-5445FDG5
NIDD,RY-56567
NIDD,RY-5698
NIDD,RY-577839
NIDD,RY-578586568
NIDD,RY-5984598
NIDD,RY-6785656
NIDD,RY-7347
NIDD,RY-7478
NIDD,RY-7866
NIDD,RY-87578587
NIDD,RY-CP0022
NIDD,RY-INF1
NIDD,RY-MERGE21
NIDD,RY-POLCREATE
NIDD,RY-RET1
NIDD,RY-RY-RY0
NIDD,RY-SUBMITME
NIDD,RY-YYYY
NIDD,TAD-12
NIDD,TAD-121
NIDD,TAD-131
NIDD,TAD-303
NIDD,TAD-79
NIDD,TAD101
NIDD,TD-02
NIDD,TD-03
NIDD,TD-390
NIDD,TD-6007
NIDD,TD-679
NIDD,TD-890
NIDD,TD-997
NIDD,TD390
NIDD,THM006
NIDD,THM007
NIDD,THM008
NIDD,THM009
NIDD,THM012
NIDD,TP-02053
NIDD,TSS011
NIDD,TSS4007
NIDD,TSS502
NIDD,VA-988991
NIDD,VA98-3053
NIDD,VA98-897867
NIDD,VA98-908070
NIDD,VA98-96
NIDD,VA98-9843054
NIDD,VLA-0305
NIDD,VLA-033
NIDD,VLA-1010
NIDD,VLA-770
NIDD,VLA0012
NIDD,VLA1001
NIDD,XYZ-1
LECC,2012
LECC,97-00004-11
LECC,97-00005-11
LECC,97-1-51593
LECC,97-100625
LECC,97-100626
LECC,97-400101
LECC,98-333301
LECC,98-333311
LECC,98-444410
LECC,98-445001
LECC,98-555508
LECC,98-VA98787
LECC,BS-98042701
LECC,BS-98042801
LECC,DD98-326
LECC,DH-02
LECC,DH-13
LECC,GG98-338
LECC,JG3
LECC,JJ98-127
LECC,JJ98-147
LECC,JJ98-164
LECC,JJ98-3000
LECC,JJ98-333
LECC,RA-000
LECC,RA-0325B
LECC,RA-0407A
LECC,RA-3701
LECC,RA-3703
LECC,RAY39
LECC,RY-784378CC
LECC,RY-784378D
LECC,TAD-23
LECC,TAD-33
LECC,TAD-56
LECC,TAD-999
LECC,TD-3472
LECC,VA-51593
LECC,VA98-601
402,2004-3379
402,EV670101
402,EV8000006
402,EZ6000006
408,202-555
408,456465465
412,12-AD-1
412,13-136
105,2011-0720
105,2011-0726
105,2011-0729
105,2011-2011
105,201104JR
105,20420161
105,21-1002
105,21-20211019
105,22-0001
105,22-0002
105,22-8766
105,22-8899
105,234121
105,24-3
105,24012012
105,25-1
105,250884
105,261010
105,30302023
105,3260KEL
105,334949
105,335331
105,444949
105,555123
105,61520181
105,65432
105,66666
105,678-1BK
105,787
105,884123
105,9316D
105,9494949
105,970101
105,98-0610
105,98-12345
105,98-1999
105,98-5001
105,98-525404
105,RU-6052019
105,RU-61620042
105,RU-6182004
105,RU-675
105,RU-7152004
105,RU-722004
105,RU-8062019
105,RU-8767
105,RU-9
105,RU0000001015
105,RU0000006002
KELO,PF4000-1
KELO,RU-2510
KELO,RU-5244
802C,PF-998866
6012,BT0108-Q
6012,BT0108-R
401,0000004588
401,01-7202
401,11-1716
401,11-1720
401,11-1721
401,11-1723
401,11-1724
401,11-37633
401,1111111
401,12-1112
401,12-12
401,12-121259
401,12-121260
401,12-122041
105,JR-10010
105,JR-10101
105,JR-201301
105,JR-2502
105,JR0000012876
105,KP3434
105,LB1234
105,LC-4
105,PF-0IC5
105,PF-20100901
105,PF-201011
105,PF-4011
105,PF-4013
105,PF-4014
105,PF-4016
105,PF-4017
105,PF-4028
105,PF-4055
105,PF-9512
105,PF-ERROR2-2
105,PF-OIC1-1
105,PF-OIC10-3
105,2004-12120
105,2004-299
105,20100511
105,201009012
105,201009031
105,201009033
105,2011-0629
105,2011-0711
105,2011-07174
105,2011-07192
401,12-2
401,12-3319
401,12-438
401,12-5
401,12-500
401,12-805
401,12-809
401,13-18477
401,17
401,18-1109
401,18-2015
401,18-29283
401,18-9987
401,2001-147225E
LECC,WK98-500
LECC,WK98-506
822,BRAD3
210,11255
210,15-10007
210,18-9987
210,19-8883
210,20121102
210,250472
210,JR-1013
219,96-0101
402,04-554
402,11-090610
402,12-4113
111,97-0987
121,JR-1025
121,JR-6012
121,JR-6021
121,JR-6024
121,JR-6051
121,JR-6067
C402,98-71
NIDD,08-525024
NIDD,0APR031234
NIDD,0DEC01234A
NIDD,0FEB01234
NIDD,0MAY021234
NIDD,1111
NIDD,111301017
NIDD,12-933
NIDD,2003-2222
NIDD,313001
NIDD,3215
NIDD,5654-55
NIDD,7068
NIDD,88-11585
NIDD,95-6545
105,BK18-1106
105,BK188YTH
105,BK189YTH
105,BK999
105,BL-1234
105,BT-0109
105,BT-0124P
105,BT-0215-1
105,BT-0215-2
105,BT-0507-2
105,BT-0507-4
105,BT-0508-1
105,PF0000004567
105,PF0000006063
105,PF0000065321
105,PF0000325585
105,PF0IC4
105,PF201109291
105,PF201110061
105,PF20120118-1
105,PF4006
105,PF4009
105,PF4014-1
105,PFERROR7-7
105,PT20142
105,QQ0000012121
800,777777-20
800,777777-24
800,88889999
800,ACCUSEDNOCS
800,LETTERS
800,TEST1
800,TESTRCCSTATU
KAIN,20040304111
KAIN,BK-5678
KAIN,RU-200
VYP,RU-1
VYP,RU-223311
KCCA,RU-1112
EHQ,12-20017
4,12-17
,98-67865
,XXXXXXX
401,BT-0110-3
401,BT-0317-1
401,BT-0905-A
401,BT-0905-D
401,BT-0905-K
105,13-26576XX
105,13-7022
105,14-0298
105,14-1010112
105,15-12458
105,15-1253
105,15-1960
105,15-40
105,15-45
105,15-5020
105,15-6000
105,16-100297
105,16-1232
105,17-101010
105,17-2
105,17-201
105,17-6667771
105,17-8000
105,RU-10192004
105,RU-102320176
105,RU-104
105,RU-1055
105,RU-1103421
105,RU-11152021
105,RU-112
105,RU-11223-1
105,RU-11252019
105,RU-118
105,RU-12042018
105,RU-12132021
105,RU-12272016-
105,RU-1312007
105,RU-1333
105,RU-1541
105,CC-10
105,CC-100
105,CC-102
105,CC-32
105,CC-39
105,CC-45633
105,CC10
105,DH-5566
105,ED1
800,11-1130252
800,11-113027
800,11-120235
800,11-1207412
800,11-122003
800,12-012502
800,13-0813108-1
800,13-0813112-1
800,13-22153
800,15-1001
800,15-1003
105,18-10096
105,18-10099
105,18-10508
105,18-1207
105,18-1998
105,18-2112011
105,18-3736
105,18-411
105,18-998176
105,18-BJDEVTEST
105,19-1823
105,19-1826
105,19-1827
105,19-1829
105,19-1832
105,19-1834
105,19-1835
105,19-1837
105,19-1838
105,19-20336
105,19-45465
105,19-8201
105,20-10014
105,20-10015
105,20-10066
105,20-1301
105,20-20001
105,2003-100
105,20031
105,RU-44200815
105,RU-44200822
105,RU-472008
105,RU-5032016
105,RU-54681
616,19-2753
704,777777-32
710,RU-7877
711,981234A
711,RU-96
716,12-002621
716,12-11
716,12-1341XX
716,12-1358
716,12-3519
716,12-800
716,12-801
105,TAD1919
105,TAS-22
105,TD-01
105,TD-03
105,TD-1120
105,TD-1223
105,TD-2000
105,TD-2020
101,123124
105,00-8092000
105,01-10201
105,02-390
105,02-900
105,03-222
105,04-2896
105,05-201
105,05-44048
105,05-455
105,05-6699
105,05-688
105,05-977
105,06-788
105,06-7889
105,07-200412
105,07-20202
105,07-3394
105,07-3939
105,07-600042
105,08-2929
105,08-BK08124
105,09-1412APP
105,10-20101234
105,10-90101211
105,10-90101214
105,10-BJEJS1
105,10-EJS01
105,10232017
105,105-3321
105,11-080205
105,11-2011
105,12-115
105,12-119
105,12-13346
105,12-1341
105,12-34
105,12-38
105,12-73
105,12-95
105,1229
105,123
105,98-7771
105,AC0000019191
105,AC0002112012
105,AD-5
105,AD524
105,AD527
105,AD8
105,AE0011220223
105,AE0020120102
105,AQ0000191919
105,AX0000000300
105,BK-161616
105,BK-20180601
105,BK-5679
105,BK-78913
105,BK-78916
105,BK-78921
105,BK0000006780
105,BK0000006785
105,BK0000006797
105,BK0000012346
105,BK0000056789
105,BT-1104-1
105,BT-121-A
105,BT-1210-7
105,BT0000000903
105,BT0000001000
105,CC-041909
105,CC-061820
105,CC-061922
105,RA-333
105,RRC-002
105,RRC-0108A
105,RRC-10348B
105,RRC-13054.1
105,RRC-5092A
105,RRC-DNA-115D
105,RU-01052017
105,RU-0138
105,RU-1712019
105,RU-1717
105,RU-1812019
105,RU-200612291
105,RU-20102
105,RU-202
105,RU-2021315
105,RU-21111
105,RU-21420191
105,RU-221
105,RU-24022
105,RU-24022011
105,RU-24200
105,RU-2500
105,RU-261
105,RU-32120051
105,RU-33
105,RU-4001
105,RU0000012355
105,RU0006162004
105,RU0006172004
105,RU0010172017
105,RU0011020054
105,RU0015120193
105,RU4
105,RY-765
105,ST-1
105,ST-100
105,ST-12000
105,ST-12345
105,ST-15
105,ST-20
105,ST-4000
105,ST-6000
105,ST-9000
105,ST-94
105,ST-97
105,TAC-56
105,TD-366
105,TD-707
105,TD0000000200
105,TDW9WW9
105,TT-LB01
105,TYC-23
105,VV-100
105,X3
105,X4
105,YCJA-24
105,YCJA-29
105,YCJA-303
105,YCJA-7
105,YJC-89
C402,985001
C402,9850051
C402,CC-1
C402,DH-02223
C402,GG-1234
C402,NV-98021104
C106,RU-1000
C303,777777-2
C303,777777-4
C303,777777-7
C309,96-5250635
201,01-99021
203,JR-1010
KELO,12111
KELO,123123
KELO,123123-1
KELO,123123-2
KELO,123123-3
KELO,20040402
KELO,20040413-1
KELO,22-9966
KELO,98-942
KELO,98:0001-03
KELO,A0975
KELO,BK-5678
KELO,BT-0219
KELO,EM-DEC2010
KELO,KJA1
401,2001-147225F
401,2001-67126-3
401,2002-111111B
401,2002-121212L
401,2002-131313D
401,2002-141414C
401,2002-151515B
401,2002-151515C
401,2002-789789
401,2002-887788
401,2003-1201
401,201007162
401,47846
401,777777-27
401,98-57575
401,ACC-2
401,AD5
401,ALL-1
401,BT-0917-1
401,BT-0917-11
401,BT-1023-4
401,BT-1209-1
401,BT-218-4
401,BT-805-1
401,BT0001030
401,EZ1008238
401,FEDAGEN-1
401,FEDCROWN-1
401,PROVCROWN-1
401,RU-1
401,RU-888776
NIDD,96-158743
NIDD,96-3-73595
NIDD,96-560144
NIDD,96CQ-44765
NIDD,97-00002-11
NIDD,97-100354
NIDD,97-30000
NIDD,97-300233
NIDD,97-300313
NIDD,97-300333
NIDD,97-300423
NIDD,97-300524
NIDD,97-300713
NIDD,97-525046
NIDD,97-6-273980
NIDD,98-003
NIDD,98-0205
NIDD,98-03051
NIDD,98-030910
NIDD,98-0414
NIDD,98-11031
NIDD,98-12345
NIDD,98-2468
NIDD,98-313009
NIDD,98-313061
NIDD,98-313082
NIDD,98-313088
NIDD,98-313321
NIDD,98-313334
NIDD,98-3424
NIDD,98-525029
NIDD,98-525033
NIDD,98-525035
NIDD,98-525037
NIDD,98-525039
NIDD,98-525055
NIDD,98-525059
NIDD,98-525077
NIDD,98-525105
NIDD,98-525128
NIDD,98-525129
NIDD,98-902043
NIDD,98-98
NIDD,98-MIKE
NIDD,98CQ002
NIDD,98CQ006
NIDD,ARW 911
NIDD,ARW-708
NIDD,BT0107-2
NIDD,BT0107-5
NIDD,BT0215-1
NIDD,BT0216-2
NIDD,BT0217-1
NIDD,BT0303-3
NIDD,BT0303-4
NIDD,BT0304-1
NIDD,BT0305-2
NIDD,BT0305-6
NIDD,BT0308-1
NIDD,BT0429-2
NIDD,BT0608-1
NIDD,CSO-002
NIDD,DH-1122
NIDD,DH-3321
NIDD,DH-5554
NIDD,DH-777Y
NIDD,GH97-153
NIDD,GH97-234
NIDD,JG10
NIDD,JG200
NIDD,JG22
NIDD,JP97-119
NIDD,JP97-122
NIDD,JP97-77
NIDD,JP97-83
NIDD,JP97-92
NIDD,LN1075
NIDD,LN1077
NIDD,LN98-155
NIDD,LN98-56
NIDD,LN98-57
NIDD,LN98-58
NIDD,MNP-DELETE
NIDD,MNP98-78
NIDD,MP-NW02
NIDD,MP-UUU
NIDD,MP97-149
NIDD,MP97-99
NIDD,MP98-59
NIDD,MPBOLT
NIDD,RA-001001
NIDD,RA-0324A
NIDD,RA-0327B
NIDD,RA-0403A
NIDD,RA-0423D
NIDD,RA-3242
NIDD,RAY37
NIDD,RBA-0331E
NIDD,RBA-0331G
NIDD,RD-4322
NIDD,RD-911911
NIDD,RU-2
NIDD,RY-00110011
NIDD,RY-0011A
NIDD,RY-09898
NIDD,RY-2000-0010
NIDD,RY-33990
NIDD,RY-3485783
NIDD,RY-34875349
NIDD,RY-34878
NIDD,RY-349574329
NIDD,RY-34958
NIDD,RY-34983489
NIDD,RY-40010
NIDD,RY-40019
NIDD,RY-4007
NIDD,RY-43857
NIDD,RY-439589
NIDD,RY-45646
NIDD,RY-4579
NIDD,RY-5004
NIDD,RY-54769
NIDD,RY-549689389
NIDD,RY-56745FT
NIDD,RY-56747
NIDD,RY-56765756
NIDD,RY-56765865
NIDD,RY-568658
NIDD,RY-67867
NIDD,RY-856DR45
NIDD,RY-98321
NIDD,RY-CP2003
NIDD,RY-MATTCAT
NIDD,RY-MATTCAT2
NIDD,RY-MERGE20
NIDD,RY-RCC2JRS
NIDD,RY-SUB4
NIDD,RY-SUB4D
NIDD,RY-VA02
NIDD,RY-VA5-SEC9
NIDD,SS99-123
NIDD,TAD-02
NIDD,TAD-2
NIDD,TAD-211
NIDD,TAD-23
NIDD,TAD-336
NIDD,TAD-502
NIDD,TAD-550
NIDD,TAD-911
NIDD,TAD-990
NIDD,TD-303
NIDD,TD-34490
NIDD,TD-389
NIDD,TD-400
NIDD,TD-52
NIDD,TD-900
NIDD,TD0000E0E0
NIDD,TD101
NIDD,THM-002
NIDD,THM005
NIDD,TP-04221
NIDD,TP-04225
NIDD,TSS004
NIDD,TSS007
NIDD,TST-001-CSO
NIDD,VA-05
NIDD,VLA-0204
NIDD,VLA0011
NIDD,VLA98-002
LECC,1999
LECC,444407
LECC,444408
LECC,45556
LECC,96-40159
LECC,97-00003-11
LECC,97-001574
LECC,98-333344
LECC,98-444409
LECC,98-555503
LECC,98-555505
LECC,98-998877
LECC,999999
LECC,DD98-331
LECC,DD98-444
LECC,DD98-448
LECC,DD98-55555
LECC,DH-112
LECC,DH-12
LECC,DH-34
LECC,GG98-170
LECC,GG98-325-
LECC,JJ98-119
LECC,JJ98-233
LECC,JJ98-456
LECC,JS98-172
LECC,LT-01
LECC,RA-0423A
LECC,RY-784378B1
LECC,RY-TSTJ1
LECC,SW-001
LECC,TAD-104
LECC,TAD-124
LECC,TAD-13
LECC,TAD-337
LECC,TAD-55
LECC,TAD-779
LECC,TAD-887
LECC,TD-9
402,2004-100
402,BT-0226-1Y
402,BT-922-1
402,BT-924-1
402,EV8000001
402,EX11
402,EZ6000012
403,RU-5224444
412,06-20120329
412,2000-9000-01
412,2003-300-1
513,97-14494
606,18-2739
606,18-88107
105,2011-0914A
105,2011-0914B
105,2011-1025
105,2011-1027
105,201107111
105,21-1510
105,21-2000
105,21-99854
105,22-0005
105,23-1
105,2330-101
105,23902384
105,3259KEL
105,3345
105,3449
105,4012021
105,4848448
105,50798-98
105,562341
105,8787
105,88888888
105,90DAYA
105,922020
105,97-4320
105,98-1001
105,98-61
105,98-63
105,98-753
105,RU-552003
105,RU-555
105,RU-60001111
105,RU-6000222
105,RU-60520191
105,RU-6092019
105,RU-6820052
105,RU-742016
105,RU-772004
105,RU-782004
105,RU-8000
105,RU-8152017
105,RU-8420164
105,RU-92003
105,RU-COMMITFAI
105,RU-ELECTION
105,RU-RET
105,RU-STAT
105,RU-SUP322200
105,RU0000000001
105,RU0000001001
105,RU0000006001
KELO,PF-201011-1
KELO,PF4000-3
KELO,PF4001-2
KELO,RU-524
KELO,RU-5241
KELO,RU-5246
KELO,RU-742-6-01
KELO,RU-742-6-02
KELO,TAD-1
802C,PF-852741253
401,00-123
401,06-14870
401,06-14874
401,11-1700
401,11-349873
401,12-004001
401,12-08304012
401,12-1019
401,12-11112
401,12-123273
105,JR-10001
105,JR-1011
105,JR-25
105,JR-3009
105,JR1234
105,JR201143
105,JUSTIN6-C
105,KEL11111
105,KE_1
105,KE_2
105,LC-1
105,LC-10312017
105,LC-110120173
105,LC-20181127
105,MW-002
105,OPIPOIOPI
105,PF-4015
105,PF-4045
105,PF-4049
105,PF-4052
105,PF-OIC-5
105,PF-OIC1
105,2004-2020
105,20050105
105,2006-7878
105,2006A
105,201008191
105,201008204
105,20100901
105,2011-07112
105,2011-0719
401,12-231117
401,12-231118
401,12-441
401,12-443
401,12-807
401,12-9
401,12-9920
401,123
401,13-28477
401,13-460
401,19-1879
401,2001-105645B
401,2001-111791G
401,2001-134215D
LECC,WK98-170
LECC,WK98-600
LECC,WK98-602
822,11-0831071
822,2
210,15-10005
210,18-76654
210,18-77688
210,19-105
210,20121103
210,885123
210,JR-1106
210,JR-1110
215,RU-5
402,11-100003
402,12-16
402,12-4115
113,RU-6244
121,19101
121,JR-1022
121,JR-1023
121,JR-6020
121,JR-6053
121,JR-6056
121,JR-7002
C402,9765
C402,98-760
NIDD,0MAR041234
NIDD,12-934
NIDD,12-936
NIDD,123456
NIDD,2000-0001
NIDD,222
NIDD,4445
NIDD,49646116
NIDD,54-587
NIDD,654-9875
NIDD,789654
NIDD,95-65451
105,BK0000891011
105,BK11112
105,BK12082010
105,BS-113
105,BS-114
105,BT-01093
105,BT-0208
105,BT-0503-2
105,BT-0611-2
105,PF0000006060
105,PF0000065232
105,PF0000089541
105,PF20110111
105,PF2011090901
105,PF4008
105,PF4011
105,PFERROR5-1
800,777777-23
800,777777-26
800,AUGUST123
KAIN,RU-1
VYP,1234651
KACI,21-1002-1
803C,QUES1234
4,12-15
,0123012
,CC-65
,PF0000012345
,RX-464645
401,BT-0001029
401,BT-0109-1
401,BT-0109-4
401,BT-0116-4
401,BT-0117-1
401,BT-0303-1
401,BT-0322-3
401,BT-0823-2
401,BT-0905-B
105,13-1001
105,13-7032
105,14-100
105,15-0002
105,15-12451
105,15-1247
105,15-1256
105,15-15025
105,15-1958
105,15-20121
105,15-50003
105,15-6
105,15-7357
105,16-1009112
105,17-1001
105,17-8001
105,RU-10001
105,RU-101
105,RU-10132020
105,RU-10192016
105,RU-1022
105,RU-10242018
105,RU-102620171
105,RU-10292019
105,RU-10302018
105,RU-1032006
105,RU-11032021
105,RU-11082004
105,RU-11102021
105,RU-111720181
105,RU-11272019
105,RU-114
105,RU-1192021
105,RU-1230
105,RU-123456
105,RU-12602
105,RU-130501
105,RU-15550
105,CC-1
105,CC-1022
105,CC-29
105,CC-300
105,CC-35
105,CC11
105,CC300
105,CC47
105,DH-0210
105,EM-DEC2010
105,EZ0004500011
105,EZ0080000001
914,98-12345
800,11-120133
800,11-120842
800,11-666
800,13-0813104
800,13-0813107
800,13-0813112
800,13-0816110
800,13-130813100
800,20-17873
800,777777-17
800,777777-19
105,18-10107
105,18-112233
105,18-19890
105,188239
105,19-1828
105,19-1841
105,19-58
105,19-7268
105,19-7868
105,19-8204
105,19-98797
105,20-10063
105,20-200802
105,20-9984
105,2003-11702
105,2003-9100
105,RU-42
105,RU-422223
105,RU-44200810
105,RU-4420083
105,RU-445566
105,RU-48
105,RU-4985761
105,RU-5
105,RU-5252
105,RU-5465464
616,19-10992
616,19-2750
616,19-59
620,20-2099
701,05-1000
707,20-ML030320
711,201009081
711,RU-90
711,RU-95
713,96-525056
713,96-5250645
713,98-525050
716,12-0021
716,12-002624
716,12-116
716,14-106402
716,47999
105,TAD-01
105,TAD-349
105,TAD-900
105,TD-022
105,TD-1
105,TD-11
105,TD-1919
105,TD-2330
105,TD-2331
105,TD-2929
105,TD-29989
105,TD-31
105,TD-3344
